Table S14. Ports throughput,,,,
iso3,year,RCP,SSP,throughput
ABW,2030,RCP4.5,SSP1,48610806.69
ABW,2030,RCP4.5,SSP2,39614160.52
ABW,2030,RCP4.5,SSP5,52564522.48
AGO,2030,RCP4.5,SSP1,299919234.4
AGO,2030,RCP4.5,SSP2,247047081.4
AGO,2030,RCP4.5,SSP5,325702659.5
AIA,2030,RCP4.5,SSP1,43448.06723
AIA,2030,RCP4.5,SSP2,47056.94903
AIA,2030,RCP4.5,SSP5,56661.48908
ALB,2030,RCP4.5,SSP1,2620005.564
ALB,2030,RCP4.5,SSP2,2467171.796
ALB,2030,RCP4.5,SSP5,3072658.437
ARE,2030,RCP4.5,SSP1,646951228.5
ARE,2030,RCP4.5,SSP2,599926372.1
ARE,2030,RCP4.5,SSP5,754624224.8
ARG,2030,RCP4.5,SSP1,170589851.7
ARG,2030,RCP4.5,SSP2,197346344.5
ARG,2030,RCP4.5,SSP5,223409857.7
ASM,2030,RCP4.5,SSP1,288310.7117
ASM,2030,RCP4.5,SSP2,316686.2198
ASM,2030,RCP4.5,SSP5,371012.4071
ATG,2030,RCP4.5,SSP1,774280.3022
ATG,2030,RCP4.5,SSP2,770618.0036
ATG,2030,RCP4.5,SSP5,950432.8239
AUS,2030,RCP4.5,SSP1,2845764978
AUS,2030,RCP4.5,SSP2,2478068696
AUS,2030,RCP4.5,SSP5,3202494863
AZE,2030,RCP4.5,SSP1,1879608.061
AZE,2030,RCP4.5,SSP2,1809797.399
AZE,2030,RCP4.5,SSP5,2254711.369
BEL,2030,RCP4.5,SSP1,508561749.4
BEL,2030,RCP4.5,SSP2,508548015.3
BEL,2030,RCP4.5,SSP5,626441911.4
BEN,2030,RCP4.5,SSP1,45316497.67
BEN,2030,RCP4.5,SSP2,45860933.11
BEN,2030,RCP4.5,SSP5,55740345.29
BES,2030,RCP4.5,SSP1,2601622.726
BES,2030,RCP4.5,SSP2,2493661.476
BES,2030,RCP4.5,SSP5,3100024.31
BGD,2030,RCP4.5,SSP1,46929645.2
BGD,2030,RCP4.5,SSP2,49279172.6
BGD,2030,RCP4.5,SSP5,59230850.21
BGR,2030,RCP4.5,SSP1,99599277.66
BGR,2030,RCP4.5,SSP2,85149906.82
BGR,2030,RCP4.5,SSP5,110629953.7
BHR,2030,RCP4.5,SSP1,64969366.89
BHR,2030,RCP4.5,SSP2,60153837.97
BHR,2030,RCP4.5,SSP5,75667790.65
BHS,2030,RCP4.5,SSP1,30852126.21
BHS,2030,RCP4.5,SSP2,32270940.95
BHS,2030,RCP4.5,SSP5,38654550.37
BLM,2030,RCP4.5,SSP1,95129.9101
BLM,2030,RCP4.5,SSP2,95993.43536
BLM,2030,RCP4.5,SSP5,117186.8651
BLZ,2030,RCP4.5,SSP1,1709467.725
BLZ,2030,RCP4.5,SSP2,1945384.807
BLZ,2030,RCP4.5,SSP5,2204596.534
BRA,2030,RCP4.5,SSP1,1234952509
BRA,2030,RCP4.5,SSP2,1156478803
BRA,2030,RCP4.5,SSP5,1450775446
BRB,2030,RCP4.5,SSP1,1234283.794
BRB,2030,RCP4.5,SSP2,1289138.935
BRB,2030,RCP4.5,SSP5,1558972.507
BRN,2030,RCP4.5,SSP1,6520821.215
BRN,2030,RCP4.5,SSP2,6304504.451
BRN,2030,RCP4.5,SSP5,7808035.807
CAN,2030,RCP4.5,SSP1,452847732.6
CAN,2030,RCP4.5,SSP2,476130988
CAN,2030,RCP4.5,SSP5,577521005
CHL,2030,RCP4.5,SSP1,201891598.2
CHL,2030,RCP4.5,SSP2,231944304.6
CHL,2030,RCP4.5,SSP5,274648654.6
CHN,2030,RCP4.5,SSP1,6399683365
CHN,2030,RCP4.5,SSP2,6076733445
CHN,2030,RCP4.5,SSP5,7581298223
CIV,2030,RCP4.5,SSP1,37690514.55
CIV,2030,RCP4.5,SSP2,37960627.32
CIV,2030,RCP4.5,SSP5,46313996.72
CMR,2030,RCP4.5,SSP1,39738246.93
CMR,2030,RCP4.5,SSP2,40401788.42
CMR,2030,RCP4.5,SSP5,49825663.27
COD,2030,RCP4.5,SSP1,15995626.72
COD,2030,RCP4.5,SSP2,15478226.46
COD,2030,RCP4.5,SSP5,18949303.93
COG,2030,RCP4.5,SSP1,59217380.31
COG,2030,RCP4.5,SSP2,55685759.83
COG,2030,RCP4.5,SSP5,69928895.34
COK,2030,RCP4.5,SSP1,97783.34224
COK,2030,RCP4.5,SSP2,105668.8093
COK,2030,RCP4.5,SSP5,122807.6107
COL,2030,RCP4.5,SSP1,229131081.4
COL,2030,RCP4.5,SSP2,220164458.7
COL,2030,RCP4.5,SSP5,274341051.3
COM,2030,RCP4.5,SSP1,1401554.003
COM,2030,RCP4.5,SSP2,1385973.733
COM,2030,RCP4.5,SSP5,1696431.672
CPV,2030,RCP4.5,SSP1,1808200.44
CPV,2030,RCP4.5,SSP2,1995122.666
CPV,2030,RCP4.5,SSP5,2336776.976
CRI,2030,RCP4.5,SSP1,22982101.59
CRI,2030,RCP4.5,SSP2,25064933.96
CRI,2030,RCP4.5,SSP5,29853748.41
CUB,2030,RCP4.5,SSP1,10602441.09
CUB,2030,RCP4.5,SSP2,12471617.33
CUB,2030,RCP4.5,SSP5,14000688.47
CUW,2030,RCP4.5,SSP1,14971786.65
CUW,2030,RCP4.5,SSP2,14985172.48
CUW,2030,RCP4.5,SSP5,18356914.31
CYM,2030,RCP4.5,SSP1,1112494.422
CYM,2030,RCP4.5,SSP2,1159728.885
CYM,2030,RCP4.5,SSP5,1399752.181
CYP,2030,RCP4.5,SSP1,21733360.59
CYP,2030,RCP4.5,SSP2,21207954.47
CYP,2030,RCP4.5,SSP5,26169695.87
DEU,2030,RCP4.5,SSP1,335118111.1
DEU,2030,RCP4.5,SSP2,366627182.8
DEU,2030,RCP4.5,SSP5,442497656.3
DJI,2030,RCP4.5,SSP1,23070237.43
DJI,2030,RCP4.5,SSP2,24144163.78
DJI,2030,RCP4.5,SSP5,28885835.39
DMA,2030,RCP4.5,SSP1,248734.9865
DMA,2030,RCP4.5,SSP2,250795.7766
DMA,2030,RCP4.5,SSP5,306337.9187
DNK,2030,RCP4.5,SSP1,47719806.05
DNK,2030,RCP4.5,SSP2,51345475.23
DNK,2030,RCP4.5,SSP5,61371180.44
DOM,2030,RCP4.5,SSP1,36320162.74
DOM,2030,RCP4.5,SSP2,38030764.63
DOM,2030,RCP4.5,SSP5,45735083.39
DZA,2030,RCP4.5,SSP1,113453703.2
DZA,2030,RCP4.5,SSP2,110086088.2
DZA,2030,RCP4.5,SSP5,136383269.8
ECU,2030,RCP4.5,SSP1,53593731.33
ECU,2030,RCP4.5,SSP2,56204465.37
ECU,2030,RCP4.5,SSP5,67891312.86
EGY,2030,RCP4.5,SSP1,192860947.5
EGY,2030,RCP4.5,SSP2,199097771.6
EGY,2030,RCP4.5,SSP5,240825718.1
ERI,2030,RCP4.5,SSP1,1986280.509
ERI,2030,RCP4.5,SSP2,1865143.148
ERI,2030,RCP4.5,SSP5,2304688.696
ESH,2030,RCP4.5,SSP1,877484.54
ESH,2030,RCP4.5,SSP2,770860.5814
ESH,2030,RCP4.5,SSP5,991516.9522
ESP,2030,RCP4.5,SSP1,914276980.5
ESP,2030,RCP4.5,SSP2,890018908.1
ESP,2030,RCP4.5,SSP5,1102590640
EST,2030,RCP4.5,SSP1,20511834.5
EST,2030,RCP4.5,SSP2,22490211.88
EST,2030,RCP4.5,SSP5,27404787.18
FIN,2030,RCP4.5,SSP1,98918753.25
FIN,2030,RCP4.5,SSP2,104474094.6
FIN,2030,RCP4.5,SSP5,129131339.9
FJI,2030,RCP4.5,SSP1,3879497.665
FJI,2030,RCP4.5,SSP2,4404539.443
FJI,2030,RCP4.5,SSP5,5100553.193
FRA,2030,RCP4.5,SSP1,331873355.4
FRA,2030,RCP4.5,SSP2,333330601.3
FRA,2030,RCP4.5,SSP5,411145269.8
FSM,2030,RCP4.5,SSP1,200309.1997
FSM,2030,RCP4.5,SSP2,218557.8612
FSM,2030,RCP4.5,SSP5,258258.9187
GAB,2030,RCP4.5,SSP1,31793668.65
GAB,2030,RCP4.5,SSP2,27092439.86
GAB,2030,RCP4.5,SSP5,35434571.62
GBR,2030,RCP4.5,SSP1,476673607
GBR,2030,RCP4.5,SSP2,478843064.2
GBR,2030,RCP4.5,SSP5,589245842.2
GEO,2030,RCP4.5,SSP1,7356417.125
GEO,2030,RCP4.5,SSP2,7156980.5
GEO,2030,RCP4.5,SSP5,8824724.399
GHA,2030,RCP4.5,SSP1,58858645.95
GHA,2030,RCP4.5,SSP2,57758221.84
GHA,2030,RCP4.5,SSP5,70974779.04
GIB,2030,RCP4.5,SSP1,65996063.82
GIB,2030,RCP4.5,SSP2,56488430.52
GIB,2030,RCP4.5,SSP5,73558052.64
GIN,2030,RCP4.5,SSP1,33920656.11
GIN,2030,RCP4.5,SSP2,29849100.84
GIN,2030,RCP4.5,SSP5,38211525.86
GLP,2030,RCP4.5,SSP1,4557791.459
GLP,2030,RCP4.5,SSP2,4533930.132
GLP,2030,RCP4.5,SSP5,5587933.236
GMB,2030,RCP4.5,SSP1,3637524.171
GMB,2030,RCP4.5,SSP2,4021720.461
GMB,2030,RCP4.5,SSP5,4696886.934
GNB,2030,RCP4.5,SSP1,394899.3469
GNB,2030,RCP4.5,SSP2,443029.5279
GNB,2030,RCP4.5,SSP5,512602.0071
GNQ,2030,RCP4.5,SSP1,63336871.09
GNQ,2030,RCP4.5,SSP2,52462965.2
GNQ,2030,RCP4.5,SSP5,69149428.23
GRC,2030,RCP4.5,SSP1,266747867.6
GRC,2030,RCP4.5,SSP2,274373683.5
GRC,2030,RCP4.5,SSP5,332303230.1
GRD,2030,RCP4.5,SSP1,248983.8223
GRD,2030,RCP4.5,SSP2,273328.8833
GRD,2030,RCP4.5,SSP5,324932.3433
GTM,2030,RCP4.5,SSP1,24031765.86
GTM,2030,RCP4.5,SSP2,24676446.64
GTM,2030,RCP4.5,SSP5,29793614.69
GUF,2030,RCP4.5,SSP1,29603155.59
GUF,2030,RCP4.5,SSP2,27634620.31
GUF,2030,RCP4.5,SSP5,34675406.25
GUM,2030,RCP4.5,SSP1,1221608.521
GUM,2030,RCP4.5,SSP2,1295034.07
GUM,2030,RCP4.5,SSP5,1552779.16
GUY,2030,RCP4.5,SSP1,2966871.422
GUY,2030,RCP4.5,SSP2,2937433.523
GUY,2030,RCP4.5,SSP5,3587605.357
HKG,2030,RCP4.5,SSP1,277880760.5
HKG,2030,RCP4.5,SSP2,295813829
HKG,2030,RCP4.5,SSP5,352472193.8
HND,2030,RCP4.5,SSP1,18451823.81
HND,2030,RCP4.5,SSP2,20782177.66
HND,2030,RCP4.5,SSP5,24418662.65
HRV,2030,RCP4.5,SSP1,15905332.27
HRV,2030,RCP4.5,SSP2,17204415
HRV,2030,RCP4.5,SSP5,20750742.55
HTI,2030,RCP4.5,SSP1,4018517.347
HTI,2030,RCP4.5,SSP2,4116379.829
HTI,2030,RCP4.5,SSP5,4969968.786
IDN,2030,RCP4.5,SSP1,1421371709
IDN,2030,RCP4.5,SSP2,1451783091
IDN,2030,RCP4.5,SSP5,1771815946
IND,2030,RCP4.5,SSP1,1006400171
IND,2030,RCP4.5,SSP2,936857004
IND,2030,RCP4.5,SSP5,1176084173
IRL,2030,RCP4.5,SSP1,57702754.05
IRL,2030,RCP4.5,SSP2,58721629.76
IRL,2030,RCP4.5,SSP5,71615638.37
IRN,2030,RCP4.5,SSP1,62254469.84
IRN,2030,RCP4.5,SSP2,61379948.79
IRN,2030,RCP4.5,SSP5,75621686.97
IRQ,2030,RCP4.5,SSP1,24039684.17
IRQ,2030,RCP4.5,SSP2,21684604.74
IRQ,2030,RCP4.5,SSP5,27388784.58
ISL,2030,RCP4.5,SSP1,9183318.593
ISL,2030,RCP4.5,SSP2,9747450.177
ISL,2030,RCP4.5,SSP5,11451701.29
ISR,2030,RCP4.5,SSP1,42796059
ISR,2030,RCP4.5,SSP2,44241708.95
ISR,2030,RCP4.5,SSP5,53935229.75
ITA,2030,RCP4.5,SSP1,474116965.2
ITA,2030,RCP4.5,SSP2,467305764.6
ITA,2030,RCP4.5,SSP5,578645943.1
JAM,2030,RCP4.5,SSP1,56737597.58
JAM,2030,RCP4.5,SSP2,54820249.02
JAM,2030,RCP4.5,SSP5,68009411.93
JOR,2030,RCP4.5,SSP1,7597606.71
JOR,2030,RCP4.5,SSP2,7652330.175
JOR,2030,RCP4.5,SSP5,9318152.395
JPN,2030,RCP4.5,SSP1,1690446325
JPN,2030,RCP4.5,SSP2,1608586856
JPN,2030,RCP4.5,SSP5,2005857815
KAZ,2030,RCP4.5,SSP1,5932979.586
KAZ,2030,RCP4.5,SSP2,5805330.73
KAZ,2030,RCP4.5,SSP5,7197816.805
KEN,2030,RCP4.5,SSP1,23414426.5
KEN,2030,RCP4.5,SSP2,25464330.01
KEN,2030,RCP4.5,SSP5,30185493.36
KHM,2030,RCP4.5,SSP1,7378977.542
KHM,2030,RCP4.5,SSP2,7175091.033
KHM,2030,RCP4.5,SSP5,8862302.491
KIR,2030,RCP4.5,SSP1,45995.35443
KIR,2030,RCP4.5,SSP2,53876.13265
KIR,2030,RCP4.5,SSP5,60064.19309
KNA,2030,RCP4.5,SSP1,349990.9778
KNA,2030,RCP4.5,SSP2,372606.561
KNA,2030,RCP4.5,SSP5,443427.235
KOR,2030,RCP4.5,SSP1,1599049342
KOR,2030,RCP4.5,SSP2,1498228933
KOR,2030,RCP4.5,SSP5,1880517624
KWT,2030,RCP4.5,SSP1,95874566.88
KWT,2030,RCP4.5,SSP2,88964374.86
KWT,2030,RCP4.5,SSP5,112202045.6
LBN,2030,RCP4.5,SSP1,42782171.02
LBN,2030,RCP4.5,SSP2,42355428.45
LBN,2030,RCP4.5,SSP5,52090504.49
LBR,2030,RCP4.5,SSP1,19067623.43
LBR,2030,RCP4.5,SSP2,16218817.83
LBR,2030,RCP4.5,SSP5,21076738.18
LBY,2030,RCP4.5,SSP1,21037952.34
LBY,2030,RCP4.5,SSP2,20837873.96
LBY,2030,RCP4.5,SSP5,25545457.69
LCA,2030,RCP4.5,SSP1,4681458.693
LCA,2030,RCP4.5,SSP2,4110961.854
LCA,2030,RCP4.5,SSP5,5303822.9
LKA,2030,RCP4.5,SSP1,191266227.5
LKA,2030,RCP4.5,SSP2,182561949
LKA,2030,RCP4.5,SSP5,226893129.1
LTU,2030,RCP4.5,SSP1,33638013.26
LTU,2030,RCP4.5,SSP2,35047101.31
LTU,2030,RCP4.5,SSP5,42627283.07
LVA,2030,RCP4.5,SSP1,57140030.6
LVA,2030,RCP4.5,SSP2,55359083.41
LVA,2030,RCP4.5,SSP5,69425961.28
MAC,2030,RCP4.5,SSP1,84276844.73
MAC,2030,RCP4.5,SSP2,101571945.2
MAC,2030,RCP4.5,SSP5,109487303.1
MAF,2030,RCP4.5,SSP1,205372.8221
MAF,2030,RCP4.5,SSP2,178733.6165
MAF,2030,RCP4.5,SSP5,231438.8166
MAR,2030,RCP4.5,SSP1,217324804
MAR,2030,RCP4.5,SSP2,209992083.9
MAR,2030,RCP4.5,SSP5,260640187.6
MDG,2030,RCP4.5,SSP1,10149695.54
MDG,2030,RCP4.5,SSP2,10294589.11
MDG,2030,RCP4.5,SSP5,12488284.58
MDV,2030,RCP4.5,SSP1,5217609.528
MDV,2030,RCP4.5,SSP2,5281399.335
MDV,2030,RCP4.5,SSP5,6488965.614
MEX,2030,RCP4.5,SSP1,191230772.8
MEX,2030,RCP4.5,SSP2,196585842.9
MEX,2030,RCP4.5,SSP5,237513867.6
MHL,2030,RCP4.5,SSP1,9468835.196
MHL,2030,RCP4.5,SSP2,10145413.85
MHL,2030,RCP4.5,SSP5,11604672.77
MLT,2030,RCP4.5,SSP1,173796580.9
MLT,2030,RCP4.5,SSP2,180376857.3
MLT,2030,RCP4.5,SSP5,218585821.2
MMR,2030,RCP4.5,SSP1,19835880.74
MMR,2030,RCP4.5,SSP2,19847571.45
MMR,2030,RCP4.5,SSP5,24305971.22
MNE,2030,RCP4.5,SSP1,2278382.338
MNE,2030,RCP4.5,SSP2,2380339.027
MNE,2030,RCP4.5,SSP5,2843044.066
MNP,2030,RCP4.5,SSP1,206081.628
MNP,2030,RCP4.5,SSP2,249710.0796
MNP,2030,RCP4.5,SSP5,283420.5543
MOZ,2030,RCP4.5,SSP1,112567882.6
MOZ,2030,RCP4.5,SSP2,105690319
MOZ,2030,RCP4.5,SSP5,132236733
MRT,2030,RCP4.5,SSP1,19307169.39
MRT,2030,RCP4.5,SSP2,16438917.93
MRT,2030,RCP4.5,SSP5,21416150.61
MSR,2030,RCP4.5,SSP1,47757.2333
MSR,2030,RCP4.5,SSP2,45810.68204
MSR,2030,RCP4.5,SSP5,57227.56497
MTQ,2030,RCP4.5,SSP1,105202.9541
MTQ,2030,RCP4.5,SSP2,100098.3842
MTQ,2030,RCP4.5,SSP5,124205.8835
MUS,2030,RCP4.5,SSP1,29507013.8
MUS,2030,RCP4.5,SSP2,27038550.4
MUS,2030,RCP4.5,SSP5,34155698.67
MYS,2030,RCP4.5,SSP1,920731871.6
MYS,2030,RCP4.5,SSP2,904226698.2
MYS,2030,RCP4.5,SSP5,1112539673
MYT,2030,RCP4.5,SSP1,274373.5334
MYT,2030,RCP4.5,SSP2,273263.1123
MYT,2030,RCP4.5,SSP5,330412.1215
NAM,2030,RCP4.5,SSP1,42340588.28
NAM,2030,RCP4.5,SSP2,35868655.43
NAM,2030,RCP4.5,SSP5,46712696.76
NCL,2030,RCP4.5,SSP1,12317902.83
NCL,2030,RCP4.5,SSP2,11152117.53
NCL,2030,RCP4.5,SSP5,14161371.63
NGA,2030,RCP4.5,SSP1,267877992.7
NGA,2030,RCP4.5,SSP2,238788530
NGA,2030,RCP4.5,SSP5,305117921.2
NIC,2030,RCP4.5,SSP1,949626.3538
NIC,2030,RCP4.5,SSP2,989666.9831
NIC,2030,RCP4.5,SSP5,1176757.613
NLD,2030,RCP4.5,SSP1,635060165.8
NLD,2030,RCP4.5,SSP2,608286796.1
NLD,2030,RCP4.5,SSP5,759372964
NOR,2030,RCP4.5,SSP1,178714862.1
NOR,2030,RCP4.5,SSP2,169487979.5
NOR,2030,RCP4.5,SSP5,212520297.6
NRU,2030,RCP4.5,SSP1,177544.7677
NRU,2030,RCP4.5,SSP2,152383.4828
NRU,2030,RCP4.5,SSP5,197847.2611
NZL,2030,RCP4.5,SSP1,107878406.3
NZL,2030,RCP4.5,SSP2,127091617.8
NZL,2030,RCP4.5,SSP5,149219840.6
OMN,2030,RCP4.5,SSP1,124623490.6
OMN,2030,RCP4.5,SSP2,113790066.5
OMN,2030,RCP4.5,SSP5,144147913.2
PAK,2030,RCP4.5,SSP1,71955523.05
PAK,2030,RCP4.5,SSP2,69758132.48
PAK,2030,RCP4.5,SSP5,86275341.85
PAN,2030,RCP4.5,SSP1,361810505
PAN,2030,RCP4.5,SSP2,375082816.3
PAN,2030,RCP4.5,SSP5,458168007.8
PER,2030,RCP4.5,SSP1,233395229
PER,2030,RCP4.5,SSP2,251817021.6
PER,2030,RCP4.5,SSP5,299312909.4
PHL,2030,RCP4.5,SSP1,286748831.2
PHL,2030,RCP4.5,SSP2,284167392.8
PHL,2030,RCP4.5,SSP5,348560473
PLW,2030,RCP4.5,SSP1,87285.29597
PLW,2030,RCP4.5,SSP2,95117.1577
PLW,2030,RCP4.5,SSP5,112245.2915
PNG,2030,RCP4.5,SSP1,30173987.1
PNG,2030,RCP4.5,SSP2,33222774.6
PNG,2030,RCP4.5,SSP5,39023999.65
POL,2030,RCP4.5,SSP1,109576501.2
POL,2030,RCP4.5,SSP2,109398422.6
POL,2030,RCP4.5,SSP5,134466591.4
PRI,2030,RCP4.5,SSP1,3422367.592
PRI,2030,RCP4.5,SSP2,3168332.367
PRI,2030,RCP4.5,SSP5,4002797.522
PRT,2030,RCP4.5,SSP1,97803383.19
PRT,2030,RCP4.5,SSP2,97381176.41
PRT,2030,RCP4.5,SSP5,120145236
PYF,2030,RCP4.5,SSP1,998347.9206
PYF,2030,RCP4.5,SSP2,1100076.839
PYF,2030,RCP4.5,SSP5,1293539.168
QAT,2030,RCP4.5,SSP1,189655579.2
QAT,2030,RCP4.5,SSP2,173835131.3
QAT,2030,RCP4.5,SSP5,220265031.4
REU,2030,RCP4.5,SSP1,5301448.787
REU,2030,RCP4.5,SSP2,4866575.672
REU,2030,RCP4.5,SSP5,6119816.522
ROU,2030,RCP4.5,SSP1,111444434
ROU,2030,RCP4.5,SSP2,108684118.3
ROU,2030,RCP4.5,SSP5,134953008.7
RUS,2030,RCP4.5,SSP1,628809013.5
RUS,2030,RCP4.5,SSP2,599344796.2
RUS,2030,RCP4.5,SSP5,748023470.9
SAU,2030,RCP4.5,SSP1,852290859.5
SAU,2030,RCP4.5,SSP2,759683437.3
SAU,2030,RCP4.5,SSP5,973398683.5
SDN,2030,RCP4.5,SSP1,15272218.51
SDN,2030,RCP4.5,SSP2,15686190.06
SDN,2030,RCP4.5,SSP5,18847280.15
SEN,2030,RCP4.5,SSP1,31293260.03
SEN,2030,RCP4.5,SSP2,30666387.36
SEN,2030,RCP4.5,SSP5,37673891.69
SGP,2030,RCP4.5,SSP1,2139878170
SGP,2030,RCP4.5,SSP2,2118916864
SGP,2030,RCP4.5,SSP5,2607929463
SLB,2030,RCP4.5,SSP1,27464988.92
SLB,2030,RCP4.5,SSP2,36172807.34
SLB,2030,RCP4.5,SSP5,39899077.39
SLE,2030,RCP4.5,SSP1,6485218.781
SLE,2030,RCP4.5,SSP2,6800952.553
SLE,2030,RCP4.5,SSP5,8097941.706
SLV,2030,RCP4.5,SSP1,7113533.012
SLV,2030,RCP4.5,SSP2,8024597.725
SLV,2030,RCP4.5,SSP5,9274257.897
SOM,2030,RCP4.5,SSP1,7707430.779
SOM,2030,RCP4.5,SSP2,8649896.981
SOM,2030,RCP4.5,SSP5,10013901.66
STP,2030,RCP4.5,SSP1,291962.6091
STP,2030,RCP4.5,SSP2,313257.0314
STP,2030,RCP4.5,SSP5,369492.6564
SUR,2030,RCP4.5,SSP1,2524093.939
SUR,2030,RCP4.5,SSP2,2724423.186
SUR,2030,RCP4.5,SSP5,3275645.379
SVN,2030,RCP4.5,SSP1,24857827.64
SVN,2030,RCP4.5,SSP2,27234989.6
SVN,2030,RCP4.5,SSP5,33034569.47
SWE,2030,RCP4.5,SSP1,103488007.8
SWE,2030,RCP4.5,SSP2,119704127.8
SWE,2030,RCP4.5,SSP5,147391152.9
SXM,2030,RCP4.5,SSP1,466619.9746
SXM,2030,RCP4.5,SSP2,481965.0075
SXM,2030,RCP4.5,SSP5,585842.1386
SYC,2030,RCP4.5,SSP1,16094966.45
SYC,2030,RCP4.5,SSP2,14705607.82
SYC,2030,RCP4.5,SSP5,18651250.57
SYR,2030,RCP4.5,SSP1,2764379.133
SYR,2030,RCP4.5,SSP2,3255148.076
SYR,2030,RCP4.5,SSP5,3730674.999
TCA,2030,RCP4.5,SSP1,260220.7998
TCA,2030,RCP4.5,SSP2,267410.7384
TCA,2030,RCP4.5,SSP5,326236.8442
TGO,2030,RCP4.5,SSP1,87610419.3
TGO,2030,RCP4.5,SSP2,81436924.62
TGO,2030,RCP4.5,SSP5,102036954.7
THA,2030,RCP4.5,SSP1,239602281.4
THA,2030,RCP4.5,SSP2,250396756.7
THA,2030,RCP4.5,SSP5,301584094.9
TKM,2030,RCP4.5,SSP1,1191884.392
TKM,2030,RCP4.5,SSP2,1183350.178
TKM,2030,RCP4.5,SSP5,1449305.928
TLS,2030,RCP4.5,SSP1,8522537.732
TLS,2030,RCP4.5,SSP2,7465070.358
TLS,2030,RCP4.5,SSP5,9629744.064
TON,2030,RCP4.5,SSP1,196659.4052
TON,2030,RCP4.5,SSP2,218703.8201
TON,2030,RCP4.5,SSP5,254748.0458
TTO,2030,RCP4.5,SSP1,266173716.8
TTO,2030,RCP4.5,SSP2,223796016.7
TTO,2030,RCP4.5,SSP5,292996253.5
TUN,2030,RCP4.5,SSP1,36341599.87
TUN,2030,RCP4.5,SSP2,38026471.06
TUN,2030,RCP4.5,SSP5,45345826.87
TUR,2030,RCP4.5,SSP1,795849519.5
TUR,2030,RCP4.5,SSP2,773418612.2
TUR,2030,RCP4.5,SSP5,956053601.6
TUV,2030,RCP4.5,SSP1,84809.01458
TUV,2030,RCP4.5,SSP2,89294.19821
TUV,2030,RCP4.5,SSP5,106469.8466
TWN,2030,RCP4.5,SSP1,492909901
TWN,2030,RCP4.5,SSP2,477619069.3
TWN,2030,RCP4.5,SSP5,593295587.1
TZA,2030,RCP4.5,SSP1,40608987.88
TZA,2030,RCP4.5,SSP2,43524075.55
TZA,2030,RCP4.5,SSP5,51706110.49
UKR,2030,RCP4.5,SSP1,183093022.7
UKR,2030,RCP4.5,SSP2,179237960.4
UKR,2030,RCP4.5,SSP5,220555067.6
URY,2030,RCP4.5,SSP1,54629303.56
URY,2030,RCP4.5,SSP2,51591796.38
URY,2030,RCP4.5,SSP5,64884134.48
USA,2030,RCP4.5,SSP1,1958027425
USA,2030,RCP4.5,SSP2,2045321031
USA,2030,RCP4.5,SSP5,2480110265
VCT,2030,RCP4.5,SSP1,442683.8953
VCT,2030,RCP4.5,SSP2,473276.4207
VCT,2030,RCP4.5,SSP5,566986.244
VEN,2030,RCP4.5,SSP1,42431266.06
VEN,2030,RCP4.5,SSP2,41119908.13
VEN,2030,RCP4.5,SSP5,50946659.74
VGB,2030,RCP4.5,SSP1,731493.8797
VGB,2030,RCP4.5,SSP2,760057.9146
VGB,2030,RCP4.5,SSP5,913944.0333
VIR,2030,RCP4.5,SSP1,3586712.17
VIR,2030,RCP4.5,SSP2,3082672.111
VIR,2030,RCP4.5,SSP5,4004449.9
VNM,2030,RCP4.5,SSP1,192881503.1
VNM,2030,RCP4.5,SSP2,202575451.7
VNM,2030,RCP4.5,SSP5,242809224.4
VUT,2030,RCP4.5,SSP1,410070.6113
VUT,2030,RCP4.5,SSP2,444464.6844
VUT,2030,RCP4.5,SSP5,518517.096
WSM,2030,RCP4.5,SSP1,450465.143
WSM,2030,RCP4.5,SSP2,510199.6631
WSM,2030,RCP4.5,SSP5,599288.8369
YEM,2030,RCP4.5,SSP1,24298248.39
YEM,2030,RCP4.5,SSP2,25485647.25
YEM,2030,RCP4.5,SSP5,30414069.52
ZAF,2030,RCP4.5,SSP1,666570598.3
ZAF,2030,RCP4.5,SSP2,635404218.3
ZAF,2030,RCP4.5,SSP5,788610898.1
ABW,2050,RCP4.5,SSP1,53124481.03
ABW,2050,RCP4.5,SSP2,49345217.86
ABW,2050,RCP4.5,SSP5,76887100.27
AGO,2050,RCP4.5,SSP1,735438055.1
AGO,2050,RCP4.5,SSP2,689283655.9
AGO,2050,RCP4.5,SSP5,1064983932
AIA,2050,RCP4.5,SSP1,94317.13573
AIA,2050,RCP4.5,SSP2,65646.37969
AIA,2050,RCP4.5,SSP5,107182.8996
ALB,2050,RCP4.5,SSP1,3823843.036
ALB,2050,RCP4.5,SSP2,3759715.642
ALB,2050,RCP4.5,SSP5,5932892.516
ARE,2050,RCP4.5,SSP1,811536426.4
ARE,2050,RCP4.5,SSP2,807345836.9
ARE,2050,RCP4.5,SSP5,1258072907
ARG,2050,RCP4.5,SSP1,241731658.3
ARG,2050,RCP4.5,SSP2,270069612.7
ARG,2050,RCP4.5,SSP5,459660330
ASM,2050,RCP4.5,SSP1,406673.0248
ASM,2050,RCP4.5,SSP2,405467.7405
ASM,2050,RCP4.5,SSP5,656900.1213
ATG,2050,RCP4.5,SSP1,966836.0081
ATG,2050,RCP4.5,SSP2,1090874.107
ATG,2050,RCP4.5,SSP5,1801298.087
AUS,2050,RCP4.5,SSP1,3563827824
AUS,2050,RCP4.5,SSP2,3454168334
AUS,2050,RCP4.5,SSP5,5490943895
AZE,2050,RCP4.5,SSP1,3295673.585
AZE,2050,RCP4.5,SSP2,3655910.907
AZE,2050,RCP4.5,SSP5,6001654.12
BEL,2050,RCP4.5,SSP1,718580839
BEL,2050,RCP4.5,SSP2,649261097.3
BEL,2050,RCP4.5,SSP5,1040902212
BEN,2050,RCP4.5,SSP1,137917311.2
BEN,2050,RCP4.5,SSP2,144704658.5
BEN,2050,RCP4.5,SSP5,234281567.7
BES,2050,RCP4.5,SSP1,3343827.248
BES,2050,RCP4.5,SSP2,3620190.812
BES,2050,RCP4.5,SSP5,5864694.281
BGD,2050,RCP4.5,SSP1,101753840.9
BGD,2050,RCP4.5,SSP2,95206338.2
BGD,2050,RCP4.5,SSP5,151402189.7
BGR,2050,RCP4.5,SSP1,116838289
BGR,2050,RCP4.5,SSP2,112937248.3
BGR,2050,RCP4.5,SSP5,176899617.2
BHR,2050,RCP4.5,SSP1,69388819.51
BHR,2050,RCP4.5,SSP2,70298862.59
BHR,2050,RCP4.5,SSP5,108706822.1
BHS,2050,RCP4.5,SSP1,45832894.28
BHS,2050,RCP4.5,SSP2,50099159
BHS,2050,RCP4.5,SSP5,83711626.66
BLM,2050,RCP4.5,SSP1,148630.0155
BLM,2050,RCP4.5,SSP2,156630.3069
BLM,2050,RCP4.5,SSP5,255485.2154
BLZ,2050,RCP4.5,SSP1,2595822.253
BLZ,2050,RCP4.5,SSP2,2760241.16
BLZ,2050,RCP4.5,SSP5,4412478.511
BRA,2050,RCP4.5,SSP1,1657317630
BRA,2050,RCP4.5,SSP2,1598484599
BRA,2050,RCP4.5,SSP5,2612070034
BRB,2050,RCP4.5,SSP1,2063739.165
BRB,2050,RCP4.5,SSP2,1907808.634
BRB,2050,RCP4.5,SSP5,3119594.013
BRN,2050,RCP4.5,SSP1,9200058.836
BRN,2050,RCP4.5,SSP2,9933480.148
BRN,2050,RCP4.5,SSP5,15758456.08
CAN,2050,RCP4.5,SSP1,736497884.5
CAN,2050,RCP4.5,SSP2,667231827.4
CAN,2050,RCP4.5,SSP5,1137133548
CHL,2050,RCP4.5,SSP1,395609589.6
CHL,2050,RCP4.5,SSP2,313232914.3
CHL,2050,RCP4.5,SSP5,539977648.1
CHN,2050,RCP4.5,SSP1,9797976643
CHN,2050,RCP4.5,SSP2,9659242727
CHN,2050,RCP4.5,SSP5,15448247513
CIV,2050,RCP4.5,SSP1,118273938.3
CIV,2050,RCP4.5,SSP2,120988814.5
CIV,2050,RCP4.5,SSP5,198344272.5
CMR,2050,RCP4.5,SSP1,141960800.3
CMR,2050,RCP4.5,SSP2,121151384.8
CMR,2050,RCP4.5,SSP5,197671534.5
COD,2050,RCP4.5,SSP1,52324620.35
COD,2050,RCP4.5,SSP2,50458074.14
COD,2050,RCP4.5,SSP5,80492973.63
COG,2050,RCP4.5,SSP1,174158247
COG,2050,RCP4.5,SSP2,155539915.1
COG,2050,RCP4.5,SSP5,249204184.7
COK,2050,RCP4.5,SSP1,120029.0935
COK,2050,RCP4.5,SSP2,133119.8906
COK,2050,RCP4.5,SSP5,201170.5712
COL,2050,RCP4.5,SSP1,317103797.8
COL,2050,RCP4.5,SSP2,325248494.9
COL,2050,RCP4.5,SSP5,527914668.2
COM,2050,RCP4.5,SSP1,4060394.982
COM,2050,RCP4.5,SSP2,4253849.458
COM,2050,RCP4.5,SSP5,7344621.458
CPV,2050,RCP4.5,SSP1,4565905.058
CPV,2050,RCP4.5,SSP2,4728572.389
CPV,2050,RCP4.5,SSP5,7926990.688
CRI,2050,RCP4.5,SSP1,41653809.24
CRI,2050,RCP4.5,SSP2,35878634.5
CRI,2050,RCP4.5,SSP5,59476603.15
CUB,2050,RCP4.5,SSP1,17130515.9
CUB,2050,RCP4.5,SSP2,18441305.47
CUB,2050,RCP4.5,SSP5,29785873.78
CUW,2050,RCP4.5,SSP1,21773697.86
CUW,2050,RCP4.5,SSP2,23925171.67
CUW,2050,RCP4.5,SSP5,40614039.21
CYM,2050,RCP4.5,SSP1,1874410.676
CYM,2050,RCP4.5,SSP2,1766247.575
CYM,2050,RCP4.5,SSP5,2749073.563
CYP,2050,RCP4.5,SSP1,26397691.51
CYP,2050,RCP4.5,SSP2,25069083.11
CYP,2050,RCP4.5,SSP5,39975508.12
DEU,2050,RCP4.5,SSP1,591882800.3
DEU,2050,RCP4.5,SSP2,435174819.8
DEU,2050,RCP4.5,SSP5,713574414.4
DJI,2050,RCP4.5,SSP1,49630641.62
DJI,2050,RCP4.5,SSP2,53790616.15
DJI,2050,RCP4.5,SSP5,87633507.23
DMA,2050,RCP4.5,SSP1,385768.9117
DMA,2050,RCP4.5,SSP2,364244.2414
DMA,2050,RCP4.5,SSP5,579137.0663
DNK,2050,RCP4.5,SSP1,75274320.16
DNK,2050,RCP4.5,SSP2,58175869.91
DNK,2050,RCP4.5,SSP5,95150796.06
DOM,2050,RCP4.5,SSP1,59945966.83
DOM,2050,RCP4.5,SSP2,58586370.34
DOM,2050,RCP4.5,SSP5,95049419.51
DZA,2050,RCP4.5,SSP1,167711157.7
DZA,2050,RCP4.5,SSP2,168129947.4
DZA,2050,RCP4.5,SSP5,271809466.9
ECU,2050,RCP4.5,SSP1,83476835.24
ECU,2050,RCP4.5,SSP2,74941985.49
ECU,2050,RCP4.5,SSP5,123319646.9
EGY,2050,RCP4.5,SSP1,347789533.8
EGY,2050,RCP4.5,SSP2,328924274.9
EGY,2050,RCP4.5,SSP5,522971547
ERI,2050,RCP4.5,SSP1,4837586.471
ERI,2050,RCP4.5,SSP2,4776615.983
ERI,2050,RCP4.5,SSP5,7398677.885
ESH,2050,RCP4.5,SSP1,2027201.553
ESH,2050,RCP4.5,SSP2,2011287.672
ESH,2050,RCP4.5,SSP5,3214021.424
ESP,2050,RCP4.5,SSP1,1496308387
ESP,2050,RCP4.5,SSP2,1412316591
ESP,2050,RCP4.5,SSP5,2268252318
EST,2050,RCP4.5,SSP1,32550290.63
EST,2050,RCP4.5,SSP2,23996848.3
EST,2050,RCP4.5,SSP5,41529825.23
FIN,2050,RCP4.5,SSP1,173581512.6
FIN,2050,RCP4.5,SSP2,126091464.3
FIN,2050,RCP4.5,SSP5,211591115
FJI,2050,RCP4.5,SSP1,5315936.588
FJI,2050,RCP4.5,SSP2,5533437.075
FJI,2050,RCP4.5,SSP5,9281610.176
FRA,2050,RCP4.5,SSP1,500911270
FRA,2050,RCP4.5,SSP2,431636944.1
FRA,2050,RCP4.5,SSP5,705041977.7
FSM,2050,RCP4.5,SSP1,277143.275
FSM,2050,RCP4.5,SSP2,265395.3557
FSM,2050,RCP4.5,SSP5,436228.5544
GAB,2050,RCP4.5,SSP1,87260024.66
GAB,2050,RCP4.5,SSP2,81494279.07
GAB,2050,RCP4.5,SSP5,128834411.8
GBR,2050,RCP4.5,SSP1,627021539
GBR,2050,RCP4.5,SSP2,557909391.4
GBR,2050,RCP4.5,SSP5,898636075.2
GEO,2050,RCP4.5,SSP1,12421419.2
GEO,2050,RCP4.5,SSP2,12811060.71
GEO,2050,RCP4.5,SSP5,20700560.12
GHA,2050,RCP4.5,SSP1,185883608.6
GHA,2050,RCP4.5,SSP2,191113731.8
GHA,2050,RCP4.5,SSP5,309007584.9
GIB,2050,RCP4.5,SSP1,78824362.07
GIB,2050,RCP4.5,SSP2,77756987.07
GIB,2050,RCP4.5,SSP5,123495898.3
GIN,2050,RCP4.5,SSP1,85794917.44
GIN,2050,RCP4.5,SSP2,81600977.68
GIN,2050,RCP4.5,SSP5,128297865.4
GLP,2050,RCP4.5,SSP1,6990247.389
GLP,2050,RCP4.5,SSP2,7858476.955
GLP,2050,RCP4.5,SSP5,12971824.75
GMB,2050,RCP4.5,SSP1,12644524.11
GMB,2050,RCP4.5,SSP2,12057434.32
GMB,2050,RCP4.5,SSP5,19664088.03
GNB,2050,RCP4.5,SSP1,1359870.711
GNB,2050,RCP4.5,SSP2,1589377.955
GNB,2050,RCP4.5,SSP5,2682935.675
GNQ,2050,RCP4.5,SSP1,171912884.5
GNQ,2050,RCP4.5,SSP2,162506244.6
GNQ,2050,RCP4.5,SSP5,254241193.3
GRC,2050,RCP4.5,SSP1,401255359
GRC,2050,RCP4.5,SSP2,393202293.8
GRC,2050,RCP4.5,SSP5,619115313.9
GRD,2050,RCP4.5,SSP1,471293.1225
GRD,2050,RCP4.5,SSP2,451051.3835
GRD,2050,RCP4.5,SSP5,747329.4242
GTM,2050,RCP4.5,SSP1,39574454.7
GTM,2050,RCP4.5,SSP2,37679449.61
GTM,2050,RCP4.5,SSP5,60117108.32
GUF,2050,RCP4.5,SSP1,38324669.41
GUF,2050,RCP4.5,SSP2,37467208.95
GUF,2050,RCP4.5,SSP5,61707969.01
GUM,2050,RCP4.5,SSP1,1523468.107
GUM,2050,RCP4.5,SSP2,1733896.131
GUM,2050,RCP4.5,SSP5,2904975.373
GUY,2050,RCP4.5,SSP1,4211728.616
GUY,2050,RCP4.5,SSP2,4050558.785
GUY,2050,RCP4.5,SSP5,6605560.585
HKG,2050,RCP4.5,SSP1,475230244.5
HKG,2050,RCP4.5,SSP2,463388514.2
HKG,2050,RCP4.5,SSP5,751371670.9
HND,2050,RCP4.5,SSP1,35374304.43
HND,2050,RCP4.5,SSP2,30304742.69
HND,2050,RCP4.5,SSP5,48920165.05
HRV,2050,RCP4.5,SSP1,29371242.72
HRV,2050,RCP4.5,SSP2,22981762.63
HRV,2050,RCP4.5,SSP5,38237176.04
HTI,2050,RCP4.5,SSP1,6221048.184
HTI,2050,RCP4.5,SSP2,6473302.95
HTI,2050,RCP4.5,SSP5,10570148.69
IDN,2050,RCP4.5,SSP1,2434792898
IDN,2050,RCP4.5,SSP2,2610995681
IDN,2050,RCP4.5,SSP5,4298195394
IND,2050,RCP4.5,SSP1,1872461751
IND,2050,RCP4.5,SSP2,1888752849
IND,2050,RCP4.5,SSP5,3013188551
IRL,2050,RCP4.5,SSP1,80497929.67
IRL,2050,RCP4.5,SSP2,71470939.2
IRL,2050,RCP4.5,SSP5,115349115.4
IRN,2050,RCP4.5,SSP1,99551577.7
IRN,2050,RCP4.5,SSP2,103598777
IRN,2050,RCP4.5,SSP5,170304335.6
IRQ,2050,RCP4.5,SSP1,25416403.37
IRQ,2050,RCP4.5,SSP2,25032151.91
IRQ,2050,RCP4.5,SSP5,39582514.93
ISL,2050,RCP4.5,SSP1,11268587.83
ISL,2050,RCP4.5,SSP2,11863644.86
ISL,2050,RCP4.5,SSP5,17897744.29
ISR,2050,RCP4.5,SSP1,67722967.34
ISR,2050,RCP4.5,SSP2,60896954.21
ISR,2050,RCP4.5,SSP5,96974934.15
ITA,2050,RCP4.5,SSP1,720893392.4
ITA,2050,RCP4.5,SSP2,632078541.6
ITA,2050,RCP4.5,SSP5,1001122796
JAM,2050,RCP4.5,SSP1,101225546.5
JAM,2050,RCP4.5,SSP2,105352287.4
JAM,2050,RCP4.5,SSP5,173565538.2
JOR,2050,RCP4.5,SSP1,10168990.93
JOR,2050,RCP4.5,SSP2,9171249.041
JOR,2050,RCP4.5,SSP5,15090816.63
JPN,2050,RCP4.5,SSP1,2096211003
JPN,2050,RCP4.5,SSP2,2077211736
JPN,2050,RCP4.5,SSP5,3333089379
KAZ,2050,RCP4.5,SSP1,10590652.47
KAZ,2050,RCP4.5,SSP2,11051675.07
KAZ,2050,RCP4.5,SSP5,17997674.99
KEN,2050,RCP4.5,SSP1,67289629.05
KEN,2050,RCP4.5,SSP2,69008190.92
KEN,2050,RCP4.5,SSP5,113416658.8
KHM,2050,RCP4.5,SSP1,11730276.72
KHM,2050,RCP4.5,SSP2,10496900.93
KHM,2050,RCP4.5,SSP5,16963481.86
KIR,2050,RCP4.5,SSP1,46971.7107
KIR,2050,RCP4.5,SSP2,48184.24823
KIR,2050,RCP4.5,SSP5,78465.95485
KNA,2050,RCP4.5,SSP1,600394.1832
KNA,2050,RCP4.5,SSP2,579698.786
KNA,2050,RCP4.5,SSP5,912644.8018
KOR,2050,RCP4.5,SSP1,2091596876
KOR,2050,RCP4.5,SSP2,2023228419
KOR,2050,RCP4.5,SSP5,3185869236
KWT,2050,RCP4.5,SSP1,101303675.9
KWT,2050,RCP4.5,SSP2,104192307.4
KWT,2050,RCP4.5,SSP5,168473157
LBN,2050,RCP4.5,SSP1,63570488.02
LBN,2050,RCP4.5,SSP2,60353944.13
LBN,2050,RCP4.5,SSP5,96589933.96
LBR,2050,RCP4.5,SSP1,38622585.32
LBR,2050,RCP4.5,SSP2,36011790.8
LBR,2050,RCP4.5,SSP5,55872423.3
LBY,2050,RCP4.5,SSP1,32896276.59
LBY,2050,RCP4.5,SSP2,34238705.98
LBY,2050,RCP4.5,SSP5,54413826.35
LCA,2050,RCP4.5,SSP1,5626075.671
LCA,2050,RCP4.5,SSP2,5361171.417
LCA,2050,RCP4.5,SSP5,8557799.69
LKA,2050,RCP4.5,SSP1,377219267.7
LKA,2050,RCP4.5,SSP2,376518538.1
LKA,2050,RCP4.5,SSP5,600880098.4
LTU,2050,RCP4.5,SSP1,44842462.69
LTU,2050,RCP4.5,SSP2,38537745.37
LTU,2050,RCP4.5,SSP5,63772901.83
LVA,2050,RCP4.5,SSP1,66528660.97
LVA,2050,RCP4.5,SSP2,57602041.65
LVA,2050,RCP4.5,SSP5,95391804.92
MAC,2050,RCP4.5,SSP1,67921472.65
MAC,2050,RCP4.5,SSP2,72781078.07
MAC,2050,RCP4.5,SSP5,114056911
MAF,2050,RCP4.5,SSP1,256185.8709
MAF,2050,RCP4.5,SSP2,254353.3865
MAF,2050,RCP4.5,SSP5,404320.0481
MAR,2050,RCP4.5,SSP1,339148251.1
MAR,2050,RCP4.5,SSP2,328866006.7
MAR,2050,RCP4.5,SSP5,526152193.4
MDG,2050,RCP4.5,SSP1,29008351.37
MDG,2050,RCP4.5,SSP2,30095539.85
MDG,2050,RCP4.5,SSP5,49393132.17
MDV,2050,RCP4.5,SSP1,11776337.47
MDV,2050,RCP4.5,SSP2,11970733
MDV,2050,RCP4.5,SSP5,19460962.77
MEX,2050,RCP4.5,SSP1,312808351.6
MEX,2050,RCP4.5,SSP2,307115139.9
MEX,2050,RCP4.5,SSP5,494234492.5
MHL,2050,RCP4.5,SSP1,11449555.99
MHL,2050,RCP4.5,SSP2,13253620.69
MHL,2050,RCP4.5,SSP5,18369868.13
MLT,2050,RCP4.5,SSP1,269633351.6
MLT,2050,RCP4.5,SSP2,249534345.6
MLT,2050,RCP4.5,SSP5,401095282.6
MMR,2050,RCP4.5,SSP1,33088241.36
MMR,2050,RCP4.5,SSP2,34346071.45
MMR,2050,RCP4.5,SSP5,55429463.82
MNE,2050,RCP4.5,SSP1,3742259.05
MNE,2050,RCP4.5,SSP2,3656162.855
MNE,2050,RCP4.5,SSP5,5878787.697
MNP,2050,RCP4.5,SSP1,497139.7061
MNP,2050,RCP4.5,SSP2,617848.4742
MNP,2050,RCP4.5,SSP5,1151529.635
MOZ,2050,RCP4.5,SSP1,241657411.1
MOZ,2050,RCP4.5,SSP2,250563139.2
MOZ,2050,RCP4.5,SSP5,396965324.5
MRT,2050,RCP4.5,SSP1,47421936.12
MRT,2050,RCP4.5,SSP2,45884584.61
MRT,2050,RCP4.5,SSP5,72472510.05
MSR,2050,RCP4.5,SSP1,65521.38327
MSR,2050,RCP4.5,SSP2,67102.73786
MSR,2050,RCP4.5,SSP5,109628.1558
MTQ,2050,RCP4.5,SSP1,155358.7684
MTQ,2050,RCP4.5,SSP2,161139.4761
MTQ,2050,RCP4.5,SSP5,257046.3106
MUS,2050,RCP4.5,SSP1,68497135.99
MUS,2050,RCP4.5,SSP2,66416766.82
MUS,2050,RCP4.5,SSP5,104418811.4
MYS,2050,RCP4.5,SSP1,1451572275
MYS,2050,RCP4.5,SSP2,1478391716
MYS,2050,RCP4.5,SSP5,2388932958
MYT,2050,RCP4.5,SSP1,474923.6128
MYT,2050,RCP4.5,SSP2,502975.945
MYT,2050,RCP4.5,SSP5,795338.8683
NAM,2050,RCP4.5,SSP1,101454022.1
NAM,2050,RCP4.5,SSP2,96206433.06
NAM,2050,RCP4.5,SSP5,149212291.9
NCL,2050,RCP4.5,SSP1,12956338.57
NCL,2050,RCP4.5,SSP2,12971290.97
NCL,2050,RCP4.5,SSP5,20842710
NGA,2050,RCP4.5,SSP1,728021474.8
NGA,2050,RCP4.5,SSP2,729747429.7
NGA,2050,RCP4.5,SSP5,1169732257
NIC,2050,RCP4.5,SSP1,1570813.173
NIC,2050,RCP4.5,SSP2,1561468.983
NIC,2050,RCP4.5,SSP5,2485515.461
NLD,2050,RCP4.5,SSP1,785867343.7
NLD,2050,RCP4.5,SSP2,736018988
NLD,2050,RCP4.5,SSP5,1175528823
NOR,2050,RCP4.5,SSP1,209769343.5
NOR,2050,RCP4.5,SSP2,197922680
NOR,2050,RCP4.5,SSP5,320230151.3
NRU,2050,RCP4.5,SSP1,196247.3048
NRU,2050,RCP4.5,SSP2,185997.4737
NRU,2050,RCP4.5,SSP5,291607.674
NZL,2050,RCP4.5,SSP1,235153849.3
NZL,2050,RCP4.5,SSP2,177007437.4
NZL,2050,RCP4.5,SSP5,313032974
OMN,2050,RCP4.5,SSP1,162637950.3
OMN,2050,RCP4.5,SSP2,163294852.5
OMN,2050,RCP4.5,SSP5,257429514.4
PAK,2050,RCP4.5,SSP1,125842334.1
PAK,2050,RCP4.5,SSP2,131571362.4
PAK,2050,RCP4.5,SSP5,213695851.9
PAN,2050,RCP4.5,SSP1,632191079.2
PAN,2050,RCP4.5,SSP2,543360969.9
PAN,2050,RCP4.5,SSP5,893068786.9
PER,2050,RCP4.5,SSP1,363868921.3
PER,2050,RCP4.5,SSP2,357934632.2
PER,2050,RCP4.5,SSP5,601481483.4
PHL,2050,RCP4.5,SSP1,444683802.5
PHL,2050,RCP4.5,SSP2,452401509.8
PHL,2050,RCP4.5,SSP5,743163790.6
PLW,2050,RCP4.5,SSP1,136279.9121
PLW,2050,RCP4.5,SSP2,129800.1435
PLW,2050,RCP4.5,SSP5,206772.8545
PNG,2050,RCP4.5,SSP1,41900928.24
PNG,2050,RCP4.5,SSP2,47932376.29
PNG,2050,RCP4.5,SSP5,82864428.72
POL,2050,RCP4.5,SSP1,148564058.5
POL,2050,RCP4.5,SSP2,139714166.2
POL,2050,RCP4.5,SSP5,224065636.7
PRI,2050,RCP4.5,SSP1,4326865.105
PRI,2050,RCP4.5,SSP2,4267369.985
PRI,2050,RCP4.5,SSP5,6840492.801
PRT,2050,RCP4.5,SSP1,162932652.3
PRT,2050,RCP4.5,SSP2,146507726
PRT,2050,RCP4.5,SSP5,234895851.5
PYF,2050,RCP4.5,SSP1,1537510.507
PYF,2050,RCP4.5,SSP2,1425531.05
PYF,2050,RCP4.5,SSP5,2295920.797
QAT,2050,RCP4.5,SSP1,202239851
QAT,2050,RCP4.5,SSP2,207298713.9
QAT,2050,RCP4.5,SSP5,329899637.3
REU,2050,RCP4.5,SSP1,12857764.98
REU,2050,RCP4.5,SSP2,12158653.7
REU,2050,RCP4.5,SSP5,19306916.18
ROU,2050,RCP4.5,SSP1,167989706.6
ROU,2050,RCP4.5,SSP2,162156506.8
ROU,2050,RCP4.5,SSP5,259539063.3
RUS,2050,RCP4.5,SSP1,797103758
RUS,2050,RCP4.5,SSP2,808490747.2
RUS,2050,RCP4.5,SSP5,1293528124
SAU,2050,RCP4.5,SSP1,1029613623
SAU,2050,RCP4.5,SSP2,976004298.7
SAU,2050,RCP4.5,SSP5,1538113755
SDN,2050,RCP4.5,SSP1,31916897.01
SDN,2050,RCP4.5,SSP2,33958489.07
SDN,2050,RCP4.5,SSP5,53648116.88
SEN,2050,RCP4.5,SSP1,83109212.53
SEN,2050,RCP4.5,SSP2,84885624.26
SEN,2050,RCP4.5,SSP5,139876053
SGP,2050,RCP4.5,SSP1,3523431737
SGP,2050,RCP4.5,SSP2,3529553538
SGP,2050,RCP4.5,SSP5,5700237540
SLB,2050,RCP4.5,SSP1,40578403.64
SLB,2050,RCP4.5,SSP2,51375376.34
SLB,2050,RCP4.5,SSP5,98691837.2
SLE,2050,RCP4.5,SSP1,16738225.03
SLE,2050,RCP4.5,SSP2,18065037.16
SLE,2050,RCP4.5,SSP5,30834837.37
SLV,2050,RCP4.5,SSP1,10256993.48
SLV,2050,RCP4.5,SSP2,11485006.44
SLV,2050,RCP4.5,SSP5,19307983.86
SOM,2050,RCP4.5,SSP1,21688717.57
SOM,2050,RCP4.5,SSP2,24405228.77
SOM,2050,RCP4.5,SSP5,41706702.63
STP,2050,RCP4.5,SSP1,1012614.471
STP,2050,RCP4.5,SSP2,1145126.589
STP,2050,RCP4.5,SSP5,1879985.208
SUR,2050,RCP4.5,SSP1,4196311.922
SUR,2050,RCP4.5,SSP2,3813254.545
SUR,2050,RCP4.5,SSP5,6406972.617
SVN,2050,RCP4.5,SSP1,48565991.44
SVN,2050,RCP4.5,SSP2,35161023.79
SVN,2050,RCP4.5,SSP5,58443656.03
SWE,2050,RCP4.5,SSP1,256354893.3
SWE,2050,RCP4.5,SSP2,131010751.6
SWE,2050,RCP4.5,SSP5,227006718.8
SXM,2050,RCP4.5,SSP1,796535.7167
SXM,2050,RCP4.5,SSP2,669432.6685
SXM,2050,RCP4.5,SSP5,1101263.758
SYC,2050,RCP4.5,SSP1,34287336.63
SYC,2050,RCP4.5,SSP2,34189912.68
SYC,2050,RCP4.5,SSP5,55134769.09
SYR,2050,RCP4.5,SSP1,5081326.571
SYR,2050,RCP4.5,SSP2,4532687.593
SYR,2050,RCP4.5,SSP5,7449423.116
TCA,2050,RCP4.5,SSP1,466913.4962
TCA,2050,RCP4.5,SSP2,418229.0303
TCA,2050,RCP4.5,SSP5,696503.0848
TGO,2050,RCP4.5,SSP1,203640501.7
TGO,2050,RCP4.5,SSP2,206748843.6
TGO,2050,RCP4.5,SSP5,336860066.5
THA,2050,RCP4.5,SSP1,400871770
THA,2050,RCP4.5,SSP2,399900208.3
THA,2050,RCP4.5,SSP5,636889909.3
TKM,2050,RCP4.5,SSP1,2612205.392
TKM,2050,RCP4.5,SSP2,2873461.788
TKM,2050,RCP4.5,SSP5,4550419.908
TLS,2050,RCP4.5,SSP1,12119236.15
TLS,2050,RCP4.5,SSP2,11836526.17
TLS,2050,RCP4.5,SSP5,18702163.11
TON,2050,RCP4.5,SSP1,270144.1875
TON,2050,RCP4.5,SSP2,266728.2374
TON,2050,RCP4.5,SSP5,429432.5432
TTO,2050,RCP4.5,SSP1,300174840.8
TTO,2050,RCP4.5,SSP2,286993677.4
TTO,2050,RCP4.5,SSP5,449375881.6
TUN,2050,RCP4.5,SSP1,61359120.25
TUN,2050,RCP4.5,SSP2,62513664.51
TUN,2050,RCP4.5,SSP5,100390488
TUR,2050,RCP4.5,SSP1,1110672242
TUR,2050,RCP4.5,SSP2,1090552039
TUR,2050,RCP4.5,SSP5,1715048335
TUV,2050,RCP4.5,SSP1,184818.2025
TUV,2050,RCP4.5,SSP2,203454.3019
TUV,2050,RCP4.5,SSP5,329709.3192
TWN,2050,RCP4.5,SSP1,746665957.7
TWN,2050,RCP4.5,SSP2,738799421.3
TWN,2050,RCP4.5,SSP5,1176604258
TZA,2050,RCP4.5,SSP1,111285779.8
TZA,2050,RCP4.5,SSP2,117441276
TZA,2050,RCP4.5,SSP5,190757632.1
UKR,2050,RCP4.5,SSP1,256963545.7
UKR,2050,RCP4.5,SSP2,253447513
UKR,2050,RCP4.5,SSP5,403072057
URY,2050,RCP4.5,SSP1,77769396.17
URY,2050,RCP4.5,SSP2,66579522.71
URY,2050,RCP4.5,SSP5,110704821
USA,2050,RCP4.5,SSP1,3208430854
USA,2050,RCP4.5,SSP2,2952796412
USA,2050,RCP4.5,SSP5,4884648299
VCT,2050,RCP4.5,SSP1,795881.7584
VCT,2050,RCP4.5,SSP2,805350.3757
VCT,2050,RCP4.5,SSP5,1330267.56
VEN,2050,RCP4.5,SSP1,61098209.17
VEN,2050,RCP4.5,SSP2,64520005.74
VEN,2050,RCP4.5,SSP5,105149241.5
VGB,2050,RCP4.5,SSP1,1004306.368
VGB,2050,RCP4.5,SSP2,971069.5681
VGB,2050,RCP4.5,SSP5,1511354.59
VIR,2050,RCP4.5,SSP1,4243926.215
VIR,2050,RCP4.5,SSP2,4157038.661
VIR,2050,RCP4.5,SSP5,6548694.76
VNM,2050,RCP4.5,SSP1,382640511.2
VNM,2050,RCP4.5,SSP2,392564463.5
VNM,2050,RCP4.5,SSP5,668014234.2
VUT,2050,RCP4.5,SSP1,652233.2046
VUT,2050,RCP4.5,SSP2,612228.0667
VUT,2050,RCP4.5,SSP5,946170.4419
WSM,2050,RCP4.5,SSP1,781435.3718
WSM,2050,RCP4.5,SSP2,652250.9598
WSM,2050,RCP4.5,SSP5,1042975.373
YEM,2050,RCP4.5,SSP1,28055894.84
YEM,2050,RCP4.5,SSP2,28530589.01
YEM,2050,RCP4.5,SSP5,47970844.62
ZAF,2050,RCP4.5,SSP1,1191960524
ZAF,2050,RCP4.5,SSP2,1214675637
ZAF,2050,RCP4.5,SSP5,1870263454
