"countrycode","R5","capital","category","value_capped","GDP_2020usd","Pop2020","GDP_per_capita_thousand_2020USD"
"AUS","OECD","Corals","Market",2.05256453313779,1444006380031.66,25649248,56.2981955662661
"AUS","OECD","Corals","Non-market Use",3.85059361273908,1444006380031.66,25649248,56.2981955662661
"AUS","OECD","Corals","Non-use",5.93529183631954,1444006380031.66,25649248,56.2981955662661
"BGD","ASIA","Corals","Market",1,1166613553390.4,167420951,6.96814554225295
"BGD","ASIA","Corals","Non-market Use",1,1166613553390.4,167420951,6.96814554225295
"BGD","ASIA","Corals","Non-use",1,1166613553390.4,167420951,6.96814554225295
"BHR","MAF","Corals","Market",1,77522978113.816,1477469,52.4701216159635
"BHR","MAF","Corals","Non-market Use",1,77522978113.816,1477469,52.4701216159635
"BHR","MAF","Corals","Non-use",1,77522978113.816,1477469,52.4701216159635
"BHS","LAM","Corals","Market",6.36155973977616,10077516213.8323,406471,24.7927065247762
"BHS","LAM","Corals","Non-market Use",11.9342319842159,10077516213.8323,406471,24.7927065247762
"BHS","LAM","Corals","Non-use",18.3953843984781,10077516213.8323,406471,24.7927065247762
"BLZ","LAM","Corals","Market",1.18776422399818,3923484265.5722,394921,9.93485853011665
"BLZ","LAM","Corals","Non-market Use",2.22823558554608,3923484265.5722,394921,9.93485853011665
"BLZ","LAM","Corals","Non-use",3.43459471717159,3923484265.5722,394921,9.93485853011665
"BRA","LAM","Corals","Market",1,3615574021216.43,213196304,16.9588963475485
"BRA","LAM","Corals","Non-market Use",1,3615574021216.43,213196304,16.9588963475485
"BRA","LAM","Corals","Non-use",1,3615574021216.43,213196304,16.9588963475485
"BRB","LAM","Corals","Market",1,4198038554.94363,280693,14.9559787915752
"BRB","LAM","Corals","Non-market Use",1,4198038554.94363,280693,14.9559787915752
"BRB","LAM","Corals","Non-use",1,4198038554.94363,280693,14.9559787915752
"BRN","ASIA","Corals","Market",1,35917994917.4561,441725,81.3130226214412
"BRN","ASIA","Corals","Non-market Use",1,35917994917.4561,441725,81.3130226214412
"BRN","ASIA","Corals","Non-use",1,35917994917.4561,441725,81.3130226214412
"CHN","ASIA","Corals","Market",1,26576353594843,1411100000,18.8337847033116
"CHN","ASIA","Corals","Non-market Use",1,26576353594843,1411100000,18.8337847033116
"CHN","ASIA","Corals","Non-use",1,26576353594843,1411100000,18.8337847033116
"COL","LAM","Corals","Market",1,817711118547.378,50930662,16.0553797346553
"COL","LAM","Corals","Non-market Use",1,817711118547.378,50930662,16.0553797346553
"COL","LAM","Corals","Non-use",1,817711118547.378,50930662,16.0553797346553
"COM","MAF","Corals","Market",1,2757270870.13927,806166,3.42022718663311
"COM","MAF","Corals","Non-market Use",1,2757270870.13927,806166,3.42022718663311
"COM","MAF","Corals","Non-use",1.39571956295511,2757270870.13927,806166,3.42022718663311
"CRI","LAM","Corals","Market",1,113169448758.601,5123105,22.0900115766905
"CRI","LAM","Corals","Non-market Use",1,113169448758.601,5123105,22.0900115766905
"CRI","LAM","Corals","Non-use",1,113169448758.601,5123105,22.0900115766905
"CUB","LAM","Corals","Market",1,NA,11300698,NA
"CUB","LAM","Corals","Non-market Use",1,NA,11300698,NA
"CUB","LAM","Corals","Non-use",1,NA,11300698,NA
"DJI","MAF","Corals","Market",1,6380479642.79444,1090156,5.85281339807738
"DJI","MAF","Corals","Non-market Use",1.24931229208154,6380479642.79444,1090156,5.85281339807738
"DJI","MAF","Corals","Non-use",1.92568569782948,6380479642.79444,1090156,5.85281339807738
"DOM","LAM","Corals","Market",1,217098214927.192,10999664,19.7368042266738
"DOM","LAM","Corals","Non-market Use",1,217098214927.192,10999664,19.7368042266738
"DOM","LAM","Corals","Non-use",1,217098214927.192,10999664,19.7368042266738
"ECU","LAM","Corals","Market",1,218010165471.528,17588595,12.3949733035258
"ECU","LAM","Corals","Non-market Use",1,218010165471.528,17588595,12.3949733035258
"ECU","LAM","Corals","Non-use",1,218010165471.528,17588595,12.3949733035258
"EGY","MAF","Corals","Market",1,1673531030392.09,107465134,15.5727813114911
"EGY","MAF","Corals","Non-market Use",1,1673531030392.09,107465134,15.5727813114911
"EGY","MAF","Corals","Non-use",1,1673531030392.09,107465134,15.5727813114911
"ERI","MAF","Corals","Market",1,NA,3555868,NA
"ERI","MAF","Corals","Non-market Use",1,NA,3555868,NA
"ERI","MAF","Corals","Non-use",1,NA,3555868,NA
"FJI","ASIA","Corals","Market",4.02772592090006,10297880948.9337,920422,11.1882168711023
"FJI","ASIA","Corals","Non-market Use",7.55597958285496,10297880948.9337,920422,11.1882168711023
"FJI","ASIA","Corals","Non-use",11.6467611085073,10297880948.9337,920422,11.1882168711023
"FRA","OECD","Corals","Market",1,3427510236825.16,67571107,50.7244943733889
"FRA","OECD","Corals","Non-market Use",1,3427510236825.16,67571107,50.7244943733889
"FRA","OECD","Corals","Non-use",1,3427510236825.16,67571107,50.7244943733889
"GBR","OECD","Corals","Market",1,3259058619205.67,67081234,48.5837606864189
"GBR","OECD","Corals","Non-market Use",1,3259058619205.67,67081234,48.5837606864189
"GBR","OECD","Corals","Non-use",1,3259058619205.67,67081234,48.5837606864189
"GRD","LAM","Corals","Market",1,1705177563.59537,123663,13.7889066543378
"GRD","LAM","Corals","Non-market Use",1.06295833863208,1705177563.59537,123663,13.7889066543378
"GRD","LAM","Corals","Non-use",1.63844035079645,1705177563.59537,123663,13.7889066543378
"HND","LAM","Corals","Market",1,56703014340.7969,10121763,5.60208872118394
"HND","LAM","Corals","Non-market Use",1,56703014340.7969,10121763,5.60208872118394
"HND","LAM","Corals","Non-use",1,56703014340.7969,10121763,5.60208872118394
"HTI","LAM","Corals","Market",1,36311732131.5742,11306801,3.21149475714432
"HTI","LAM","Corals","Non-market Use",1,36311732131.5742,11306801,3.21149475714432
"HTI","LAM","Corals","Non-use",1,36311732131.5742,11306801,3.21149475714432
"IDN","ASIA","Corals","Market",1,3404556313997.13,271857970,12.523290429915
"IDN","ASIA","Corals","Non-market Use",1,3404556313997.13,271857970,12.523290429915
"IDN","ASIA","Corals","Non-use",1,3404556313997.13,271857970,12.523290429915
"IND","ASIA","Corals","Market",1,10378712667573.7,1396387127,7.43254679658308
"IND","ASIA","Corals","Non-market Use",1,10378712667573.7,1396387127,7.43254679658308
"IND","ASIA","Corals","Non-use",1,10378712667573.7,1396387127,7.43254679658308
"IRN","MAF","Corals","Market",1,1262967880610.57,87290193,14.4686113892608
"IRN","MAF","Corals","Non-market Use",1,1262967880610.57,87290193,14.4686113892608
"IRN","MAF","Corals","Non-use",1,1262967880610.57,87290193,14.4686113892608
"ISR","MAF","Corals","Market",1,397995851463.643,9215100,43.1895314715676
"ISR","MAF","Corals","Non-market Use",1,397995851463.643,9215100,43.1895314715676
"ISR","MAF","Corals","Non-use",1,397995851463.643,9215100,43.1895314715676
"JAM","LAM","Corals","Market",1,25981430581.2625,2820436,9.21184901244435
"JAM","LAM","Corals","Non-market Use",1,25981430581.2625,2820436,9.21184901244435
"JAM","LAM","Corals","Non-use",1,25981430581.2625,2820436,9.21184901244435
"JOR","MAF","Corals","Market",1,98033034783.6004,10928721,8.97022028319694
"JOR","MAF","Corals","Non-market Use",1,98033034783.6004,10928721,8.97022028319694
"JOR","MAF","Corals","Non-use",1,98033034783.6004,10928721,8.97022028319694
"JPN","OECD","Corals","Market",1,5459310569514.2,126261000,43.2382966198129
"JPN","OECD","Corals","Non-market Use",1,5459310569514.2,126261000,43.2382966198129
"JPN","OECD","Corals","Non-use",1,5459310569514.2,126261000,43.2382966198129
"KEN","MAF","Corals","Market",1,264084005302.165,51985780,5.07992772835504
"KEN","MAF","Corals","Non-market Use",1,264084005302.165,51985780,5.07992772835504
"KEN","MAF","Corals","Non-use",1,264084005302.165,51985780,5.07992772835504
"KHM","ASIA","Corals","Market",1,75166667854.1203,16396860,4.58421111445242
"KHM","ASIA","Corals","Non-market Use",1,75166667854.1203,16396860,4.58421111445242
"KHM","ASIA","Corals","Non-use",1,75166667854.1203,16396860,4.58421111445242
"KWT","MAF","Corals","Market",1,207575055837.52,4360444,47.604110002908
"KWT","MAF","Corals","Non-market Use",1,207575055837.52,4360444,47.604110002908
"KWT","MAF","Corals","Non-use",1,207575055837.52,4360444,47.604110002908
"LCA","LAM","Corals","Market",1,2985681510.61095,179237,16.6577297690262
"LCA","LAM","Corals","Non-market Use",1,2985681510.61095,179237,16.6577297690262
"LCA","LAM","Corals","Non-use",1,2985681510.61095,179237,16.6577297690262
"LKA","ASIA","Corals","Market",1,304381510747.019,21919000,13.8866513411661
"LKA","ASIA","Corals","Non-market Use",1,304381510747.019,21919000,13.8866513411661
"LKA","ASIA","Corals","Non-use",1,304381510747.019,21919000,13.8866513411661
"MDG","MAF","Corals","Market",1,44910601332.5875,28225177,1.59115393085356
"MDG","MAF","Corals","Non-market Use",1,44910601332.5875,28225177,1.59115393085356
"MDG","MAF","Corals","Non-use",1,44910601332.5875,28225177,1.59115393085356
"MDV","ASIA","Corals","Market",14.1739021888987,7144935724.77748,514438,13.8888179426432
"MDV","ASIA","Corals","Non-market Use",26.5901199962408,7144935724.77748,514438,13.8888179426432
"MDV","ASIA","Corals","Non-use",40.9859200977019,7144935724.77748,514438,13.8888179426432
"MEX","LAM","Corals","Market",1,2532194390753.47,125998302,20.0970517106927
"MEX","LAM","Corals","Non-market Use",1,2532194390753.47,125998302,20.0970517106927
"MEX","LAM","Corals","Non-use",1,2532194390753.47,125998302,20.0970517106927
"MOZ","MAF","Corals","Market",1,45132727321.6262,31178239,1.44757140778946
"MOZ","MAF","Corals","Non-market Use",1,45132727321.6262,31178239,1.44757140778946
"MOZ","MAF","Corals","Non-use",1,45132727321.6262,31178239,1.44757140778946
"MUS","MAF","Corals","Market",2.57836649104127,27845555062.1668,1266014,21.9946659848681
"MUS","MAF","Corals","Non-market Use",4.83699361526358,27845555062.1668,1266014,21.9946659848681
"MUS","MAF","Corals","Non-use",7.45572542945705,27845555062.1668,1266014,21.9946659848681
"MYS","ASIA","Corals","Market",1,989886134294.711,33199993,29.8158537049906
"MYS","ASIA","Corals","Non-market Use",1,989886134294.711,33199993,29.8158537049906
"MYS","ASIA","Corals","Non-use",1,989886134294.711,33199993,29.8158537049906
"NIC","LAM","Corals","Market",1,42685563138.5411,6755895,6.31826917655486
"NIC","LAM","Corals","Non-market Use",1,42685563138.5411,6755895,6.31826917655486
"NIC","LAM","Corals","Non-use",1,42685563138.5411,6755895,6.31826917655486
"NLD","OECD","Corals","Market",1,1117665801491.7,17441500,64.0808302893501
"NLD","OECD","Corals","Non-market Use",1,1117665801491.7,17441500,64.0808302893501
"NLD","OECD","Corals","Non-use",1,1117665801491.7,17441500,64.0808302893501
"NZL","OECD","Corals","Market",1,235622231915.545,5090200,46.2893858621557
"NZL","OECD","Corals","Non-market Use",1,235622231915.545,5090200,46.2893858621557
"NZL","OECD","Corals","Non-use",1,235622231915.545,5090200,46.2893858621557
"OMN","MAF","Corals","Market",1,170707675007.84,4543399,37.5726796189021
"OMN","MAF","Corals","Non-market Use",1,170707675007.84,4543399,37.5726796189021
"OMN","MAF","Corals","Non-use",1,170707675007.84,4543399,37.5726796189021
"PAN","LAM","Corals","Market",1,116057432912.962,4294396,27.0253215849125
"PAN","LAM","Corals","Non-market Use",1,116057432912.962,4294396,27.0253215849125
"PAN","LAM","Corals","Non-use",1,116057432912.962,4294396,27.0253215849125
"PHL","ASIA","Corals","Market",1,947667774087.591,112190977,8.44691613736095
"PHL","ASIA","Corals","Non-market Use",1,947667774087.591,112190977,8.44691613736095
"PHL","ASIA","Corals","Non-use",1,947667774087.591,112190977,8.44691613736095
"PNG","ASIA","Corals","Market",1,40039960436.3357,9749640,4.10681424507322
"PNG","ASIA","Corals","Non-market Use",1.22220868228467,40039960436.3357,9749640,4.10681424507322
"PNG","ASIA","Corals","Non-use",1.88390828630781,40039960436.3357,9749640,4.10681424507322
"SAU","MAF","Corals","Market",1,1633870015239.06,35997107,45.3889257055868
"SAU","MAF","Corals","Non-market Use",1,1633870015239.06,35997107,45.3889257055868
"SAU","MAF","Corals","Non-use",1,1633870015239.06,35997107,45.3889257055868
"SDN","MAF","Corals","Market",1,159141858245.694,44440486,3.58101075325085
"SDN","MAF","Corals","Non-market Use",1,159141858245.694,44440486,3.58101075325085
"SDN","MAF","Corals","Non-use",1,159141858245.694,44440486,3.58101075325085
"SGP","ASIA","Corals","Market",1,655597140120.973,5685807,115.304149458639
"SGP","ASIA","Corals","Non-market Use",1,655597140120.973,5685807,115.304149458639
"SGP","ASIA","Corals","Non-use",1,655597140120.973,5685807,115.304149458639
"SLB","ASIA","Corals","Market",3.80499996629553,1873208743.84805,691191,2.71011738267433
"SLB","ASIA","Corals","Non-market Use",7.13814758568977,1873208743.84805,691191,2.71011738267433
"SLB","ASIA","Corals","Non-use",11.0027162959041,1873208743.84805,691191,2.71011738267433
"SOM","MAF","Corals","Market",1,24149751172.1372,16537016,1.46034515369261
"SOM","MAF","Corals","Non-market Use",1,24149751172.1372,16537016,1.46034515369261
"SOM","MAF","Corals","Non-use",1,24149751172.1372,16537016,1.46034515369261
"THA","ASIA","Corals","Market",1,1429716667768.12,71475664,20.0028455526922
"THA","ASIA","Corals","Non-market Use",1,1429716667768.12,71475664,20.0028455526922
"THA","ASIA","Corals","Non-use",1,1429716667768.12,71475664,20.0028455526922
"TLS","ASIA","Corals","Market",1,8742267528.89534,1299995,6.72484704086965
"TLS","ASIA","Corals","Non-market Use",1,8742267528.89534,1299995,6.72484704086965
"TLS","ASIA","Corals","Non-use",1,8742267528.89534,1299995,6.72484704086965
"TON","ASIA","Corals","Market",7.07429881514908,734405892.381949,105254,6.97746301691099
"TON","ASIA","Corals","Non-market Use",13.271324429726,734405892.381949,105254,6.97746301691099
"TON","ASIA","Corals","Non-use",20.4563741248376,734405892.381949,105254,6.97746301691099
"TTO","LAM","Corals","Market",1,42598557065.8992,1518147,28.0595733258368
"TTO","LAM","Corals","Non-market Use",1,42598557065.8992,1518147,28.0595733258368
"TTO","LAM","Corals","Non-use",1,42598557065.8992,1518147,28.0595733258368
"TZA","MAF","Corals","Market",1,203975515772.129,61704518,3.30568202108197
"TZA","MAF","Corals","Non-market Use",1,203975515772.129,61704518,3.30568202108197
"TZA","MAF","Corals","Non-use",1,203975515772.129,61704518,3.30568202108197
"USA","OECD","Corals","Market",1,22300552960504.8,331526933,67.266187874108
"USA","OECD","Corals","Non-market Use",1,22300552960504.8,331526933,67.266187874108
"USA","OECD","Corals","Non-use",1,22300552960504.8,331526933,67.266187874108
"VCT","LAM","Corals","Market",1,1623037920.07817,104632,15.5118694097233
"VCT","LAM","Corals","Non-market Use",1,1623037920.07817,104632,15.5118694097233
"VCT","LAM","Corals","Non-use",1,1623037920.07817,104632,15.5118694097233
"VEN","LAM","Corals","Market",1,NA,28490453,NA
"VEN","LAM","Corals","Non-market Use",1,NA,28490453,NA
"VEN","LAM","Corals","Non-use",1,NA,28490453,NA
"VNM","ASIA","Corals","Market",1,1162375387665.02,96648685,12.0268101698954
"VNM","ASIA","Corals","Non-market Use",1,1162375387665.02,96648685,12.0268101698954
"VNM","ASIA","Corals","Non-use",1,1162375387665.02,96648685,12.0268101698954
"VUT","ASIA","Corals","Market",1.01743823345456,974640312.02063,311685,3.12700422548608
"VUT","ASIA","Corals","Non-market Use",1.90870547544127,974640312.02063,311685,3.12700422548608
"VUT","ASIA","Corals","Non-use",2.94207209736329,974640312.02063,311685,3.12700422548608
"WSM","ASIA","Corals","Market",1,1430162216.95336,214929,6.65411469347254
"WSM","ASIA","Corals","Non-market Use",1.4607263994093,1430162216.95336,214929,6.65411469347254
"WSM","ASIA","Corals","Non-use",2.25155868041429,1430162216.95336,214929,6.65411469347254
"YEM","MAF","Corals","Market",1,NA,32284046,NA
"YEM","MAF","Corals","Non-market Use",1,NA,32284046,NA
"YEM","MAF","Corals","Non-use",1,NA,32284046,NA
"ZAF","OECD","Corals","Market",1,803930033737.128,58801927,13.6718314305776
"ZAF","OECD","Corals","Non-market Use",1,803930033737.128,58801927,13.6718314305776
"ZAF","OECD","Corals","Non-use",1,803930033737.128,58801927,13.6718314305776
"ABW","LAM","Ports","Market",1.09640657816082,3190629465.58086,106585,29.9350702780022
"AGO","MAF","Ports","Market",1,252789131669.92,33428486,7.56208736674225
"ALB","REF","Ports","Market",1,41982720618.4745,2837849,14.7938528859268
"ARE","MAF","Ports","Market",1,618444247716.259,9287289,66.5903955089864
"ARG","LAM","Ports","Market",1,1079321900605.97,45376763,23.7857843805643
"AUS","OECD","Ports","Market",1,1444006380031.66,25649248,56.2981955662661
"BEL","OECD","Ports","Market",1,673136289291.464,11538604,58.3377581284065
"BEN","MAF","Ports","Market",1,43364987288.175,12643123,3.42992686919007
"BGD","ASIA","Ports","Market",1,1166613553390.4,167420951,6.96814554225295
"BGR","REF","Ports","Market",1,187847369125.855,6934015,27.0907070616165
"BHR","MAF","Ports","Market",1,77522978113.816,1477469,52.4701216159635
"BHS","LAM","Ports","Market",1.76604953621973,10077516213.8323,406471,24.7927065247762
"BLZ","LAM","Ports","Market",1,3923484265.5722,394921,9.93485853011665
"BRA","LAM","Ports","Market",1,3615574021216.43,213196304,16.9588963475485
"BRB","LAM","Ports","Market",1,4198038554.94363,280693,14.9559787915752
"BRN","ASIA","Ports","Market",1,35917994917.4561,441725,81.3130226214412
"CAN","OECD","Ports","Market",1,2025972302247.91,38028638,53.2749109302287
"CHL","LAM","Ports","Market",1,508630596663.334,19300315,26.3534868038855
"CHN","ASIA","Ports","Market",1,26576353594843,1411100000,18.8337847033116
"CIV","MAF","Ports","Market",1,167357279085.193,26811790,6.24192860995827
"CMR","MAF","Ports","Market",1,124802438898.501,26491087,4.7111105293075
"COG","MAF","Ports","Market",1,36533150703.5037,5702174,6.40688107790181
"COL","LAM","Ports","Market",1,817711118547.378,50930662,16.0553797346553
"COM","MAF","Ports","Market",1,2757270870.13927,806166,3.42022718663311
"CPV","MAF","Ports","Market",1,3709738572.23108,582640,6.36711961456659
"CRI","LAM","Ports","Market",1,113169448758.601,5123105,22.0900115766905
"CYP","REF","Ports","Market",1,39702386825.0788,1237537,32.0817776156016
"DEU","OECD","Ports","Market",1,4995100111123.74,83160871,60.065509789138
"DJI","MAF","Ports","Market",1,6380479642.79444,1090156,5.85281339807738
"DNK","OECD","Ports","Market",1,383044686083.86,5831404,65.6865286788327
"DOM","LAM","Ports","Market",1,217098214927.192,10999664,19.7368042266738
"DZA","MAF","Ports","Market",1,625255146236.089,43451666,14.3896702657175
"ECU","LAM","Ports","Market",1,218010165471.528,17588595,12.3949733035258
"EGY","MAF","Ports","Market",1,1673531030392.09,107465134,15.5727813114911
"ESP","OECD","Ports","Market",1,1943838239090.75,47365655,41.0389814959964
"EST","REF","Ports","Market",1,55411792917.2665,1329522,41.6779811972021
"FIN","OECD","Ports","Market",1,311371999879.4,5529543,56.3106209463241
"FJI","ASIA","Ports","Market",1,10297880948.9337,920422,11.1882168711023
"FRA","OECD","Ports","Market",1,3427510236825.16,67571107,50.7244943733889
"GAB","MAF","Ports","Market",1,45113336047.1522,2292573,19.6780368813347
"GBR","OECD","Ports","Market",1,3259058619205.67,67081234,48.5837606864189
"GEO","REF","Ports","Market",1,63402112372.6154,3722716,17.0311440283426
"GHA","MAF","Ports","Market",1,204486487774.301,32180401,6.35437972865226
"GIN","MAF","Ports","Market",1,48645702063.7652,13205153,3.68384236545879
"GMB","MAF","Ports","Market",1,6798313576.12098,2573995,2.64115259591451
"GNB","MAF","Ports","Market",1,4412004453.13739,2015828,2.18868100509438
"GNQ","MAF","Ports","Market",1,29332985518.4104,1596049,18.3784993558534
"GRC","OECD","Ports","Market",1,321993861143.427,10698599,30.0968249341271
"GRD","LAM","Ports","Market",1,1705177563.59537,123663,13.7889066543378
"GTM","LAM","Ports","Market",1,191789996581.405,16858333,11.3765694734708
"GUY","LAM","Ports","Market",1,15537984993.3111,797202,19.4906497892769
"HKG","ASIA","Ports","Market",1,458798927893.01,7481000,61.3285560610894
"HND","LAM","Ports","Market",1,56703014340.7969,10121763,5.60208872118394
"HRV","REF","Ports","Market",1,127762801336.611,4047680,31.5644520655316
"HTI","LAM","Ports","Market",1,36311732131.5742,11306801,3.21149475714432
"IDN","ASIA","Ports","Market",1,3404556313997.13,271857970,12.523290429915
"IND","ASIA","Ports","Market",1,10378712667573.7,1396387127,7.43254679658308
"IRL","OECD","Ports","Market",1,498924056208.806,4985382,100.077397521154
"IRN","MAF","Ports","Market",1,1262967880610.57,87290193,14.4686113892608
"IRQ","MAF","Ports","Market",1,540256416973.202,42556984,12.6948943791036
"ISL","OECD","Ports","Market",1,21953410923.0664,366463,59.9062140599908
"ISR","MAF","Ports","Market",1,397995851463.643,9215100,43.1895314715676
"ITA","OECD","Ports","Market",1,2724433687872.47,59438851,45.835907693984
"JAM","LAM","Ports","Market",1,25981430581.2625,2820436,9.21184901244435
"JOR","MAF","Ports","Market",1,98033034783.6004,10928721,8.97022028319694
"JPN","OECD","Ports","Market",1,5459310569514.2,126261000,43.2382966198129
"KEN","MAF","Ports","Market",1,264084005302.165,51985780,5.07992772835504
"KHM","ASIA","Ports","Market",1,75166667854.1203,16396860,4.58421111445242
"KOR","OECD","Ports","Market",1,2410744496330.6,51836239,46.5069330421638
"KWT","MAF","Ports","Market",1,207575055837.52,4360444,47.604110002908
"LBN","MAF","Ports","Market",1,71322381662.8598,5662923,12.5946232471923
"LBR","MAF","Ports","Market",1,7710687112.95704,5087584,1.5155891505589
"LBY","MAF","Ports","Market",1,48281575491.4676,6653942,7.25608601509716
"LCA","LAM","Ports","Market",1,2985681510.61095,179237,16.6577297690262
"LKA","ASIA","Ports","Market",1,304381510747.019,21919000,13.8866513411661
"LTU","REF","Ports","Market",1,122300872241.685,2794885,43.7588209324122
"LVA","REF","Ports","Market",1,64936235795.8907,1900449,34.1688915597791
"MAC","ASIA","Ports","Market",1,40981182851.1234,676283,60.5976829982765
"MAR","MAF","Ports","Market",1,299034350113.187,36688772,8.15056852034151
"MDG","MAF","Ports","Market",1,44910601332.5875,28225177,1.59115393085356
"MDV","ASIA","Ports","Market",1,7144935724.77748,514438,13.8888179426432
"MEX","LAM","Ports","Market",1,2532194390753.47,125998302,20.0970517106927
"MLT","REF","Ports","Market",1,24652618302.7264,515332,47.8383222907299
"MMR","ASIA","Ports","Market",1,314220151769.184,53423198,5.881717372464
"MNE","REF","Ports","Market",1,13425652140.7108,621306,21.6087598392914
"MOZ","MAF","Ports","Market",1,45132727321.6262,31178239,1.44757140778946
"MRT","MAF","Ports","Market",1,27431664470.7931,4498604,6.09781711633055
"MUS","MAF","Ports","Market",1,27845555062.1668,1266014,21.9946659848681
"MYS","ASIA","Ports","Market",1,989886134294.711,33199993,29.8158537049906
"NGA","MAF","Ports","Market",1,1157867757369.25,208327405,5.55792339164043
"NIC","LAM","Ports","Market",1,42685563138.5411,6755895,6.31826917655486
"NLD","OECD","Ports","Market",1,1117665801491.7,17441500,64.0808302893501
"NOR","OECD","Ports","Market",1,464322656561.548,5379475,86.3137493085381
"NZL","OECD","Ports","Market",1,235622231915.545,5090200,46.2893858621557
"OMN","MAF","Ports","Market",1,170707675007.84,4543399,37.5726796189021
"PAK","ASIA","Ports","Market",1,1206737395064.25,227196741,5.3114203564401
"PAN","LAM","Ports","Market",1,116057432912.962,4294396,27.0253215849125
"PER","LAM","Ports","Market",1,446999457900.808,33304756,13.4214902490446
"PHL","ASIA","Ports","Market",1,947667774087.591,112190977,8.44691613736095
"PNG","ASIA","Ports","Market",1,40039960436.3357,9749640,4.10681424507322
"POL","REF","Ports","Market",1,1428297945826.96,37899070,37.6868864018816
"PRT","OECD","Ports","Market",1,380057453682.471,10297081,36.9092419184108
"QAT","MAF","Ports","Market",1,287970239265.658,2760385,104.322490980663
"RUS","REF","Ports","Market",1,5427716010814.12,145245148,37.3693447633385
"SAU","MAF","Ports","Market",1,1633870015239.06,35997107,45.3889257055868
"SDN","MAF","Ports","Market",1,159141858245.694,44440486,3.58101075325085
"SEN","MAF","Ports","Market",1,67459775215.5858,16436120,4.10436132223334
"SGP","ASIA","Ports","Market",1,655597140120.973,5685807,115.304149458639
"SLB","ASIA","Ports","Market",1,1873208743.84805,691191,2.71011738267433
"SLE","MAF","Ports","Market",1,13135733266.7475,8233970,1.59530982827816
"SLV","LAM","Ports","Market",1,60429252054.6952,6292731,9.60302483209519
"SOM","MAF","Ports","Market",1,24149751172.1372,16537016,1.46034515369261
"SUR","LAM","Ports","Market",1,11590208978.5424,607065,19.0922042590866
"SVN","REF","Ports","Market",1,90576970141.3813,2102419,43.0822638785995
"SWE","OECD","Ports","Market",1,621875638386.034,10353442,60.064627626835
"TGO","MAF","Ports","Market",1,21588061755.9783,8442580,2.55704556616322
"THA","ASIA","Ports","Market",1,1429716667768.12,71475664,20.0028455526922
"TON","ASIA","Ports","Market",1,734405892.381949,105254,6.97746301691099
"TTO","LAM","Ports","Market",1,42598557065.8992,1518147,28.0595733258368
"TUN","MAF","Ports","Market",1,142541525685.934,12161723,11.7205042152279
"TUR","REF","Ports","Market",1,2388933992735.03,83384680,28.6495552028865
"TZA","MAF","Ports","Market",1,203975515772.129,61704518,3.30568202108197
"UKR","REF","Ports","Market",1,721606731034.35,44207754,16.3230805852374
"URY","LAM","Ports","Market",1,94734678136.4358,3429086,27.6268014673402
"USA","OECD","Ports","Market",1,22300552960504.8,331526933,67.266187874108
"VCT","LAM","Ports","Market",1,1623037920.07817,104632,15.5118694097233
"VNM","ASIA","Ports","Market",1,1162375387665.02,96648685,12.0268101698954
"VUT","ASIA","Ports","Market",1,974640312.02063,311685,3.12700422548608
"WSM","ASIA","Ports","Market",1,1430162216.95336,214929,6.65411469347254
"ZAF","OECD","Ports","Market",1,803930033737.128,58801927,13.6718314305776
"ABW","LAM","Fisheries & Mariculture","Market",2.84171378839388,3190629465.58086,106585,29.9350702780022
"AGO","MAF","Fisheries & Mariculture","Market",1,252789131669.92,33428486,7.56208736674225
"ALB","REF","Fisheries & Mariculture","Market",1,41982720618.4745,2837849,14.7938528859268
"ARE","MAF","Fisheries & Mariculture","Market",1,618444247716.259,9287289,66.5903955089864
"ARG","LAM","Fisheries & Mariculture","Market",1,1079321900605.97,45376763,23.7857843805643
"AUS","OECD","Fisheries & Mariculture","Market",1,1444006380031.66,25649248,56.2981955662661
"AZE","REF","Fisheries & Mariculture","Market",1,193041990114.825,10093121,19.126094903135
"BEL","OECD","Fisheries & Mariculture","Market",1,673136289291.464,11538604,58.3377581284065
"BEN","MAF","Fisheries & Mariculture","Market",1,43364987288.175,12643123,3.42992686919007
"BGD","ASIA","Fisheries & Mariculture","Market",1,1166613553390.4,167420951,6.96814554225295
"BGR","REF","Fisheries & Mariculture","Market",1,187847369125.855,6934015,27.0907070616165
"BHR","MAF","Fisheries & Mariculture","Market",1,77522978113.816,1477469,52.4701216159635
"BHS","LAM","Fisheries & Mariculture","Market",2.41476474970428,10077516213.8323,406471,24.7927065247762
"BLZ","LAM","Fisheries & Mariculture","Market",1,3923484265.5722,394921,9.93485853011665
"BRA","LAM","Fisheries & Mariculture","Market",1,3615574021216.43,213196304,16.9588963475485
"BRB","LAM","Fisheries & Mariculture","Market",1,4198038554.94363,280693,14.9559787915752
"BRN","ASIA","Fisheries & Mariculture","Market",1,35917994917.4561,441725,81.3130226214412
"CAN","OECD","Fisheries & Mariculture","Market",1,2025972302247.91,38028638,53.2749109302287
"CHL","LAM","Fisheries & Mariculture","Market",3.50484833630549,508630596663.334,19300315,26.3534868038855
"CHN","ASIA","Fisheries & Mariculture","Market",1,26576353594843,1411100000,18.8337847033116
"CIV","MAF","Fisheries & Mariculture","Market",1,167357279085.193,26811790,6.24192860995827
"CMR","MAF","Fisheries & Mariculture","Market",1,124802438898.501,26491087,4.7111105293075
"COD","MAF","Fisheries & Mariculture","Market",1,122639976008.026,92853164,1.32079479820446
"COG","MAF","Fisheries & Mariculture","Market",1,36533150703.5037,5702174,6.40688107790181
"COL","LAM","Fisheries & Mariculture","Market",1,817711118547.378,50930662,16.0553797346553
"COM","MAF","Fisheries & Mariculture","Market",4.40683298520875,2757270870.13927,806166,3.42022718663311
"CPV","MAF","Fisheries & Mariculture","Market",9.48374103974988,3709738572.23108,582640,6.36711961456659
"CRI","LAM","Fisheries & Mariculture","Market",1,113169448758.601,5123105,22.0900115766905
"CUB","LAM","Fisheries & Mariculture","Market",1,NA,11300698,NA
"CYP","REF","Fisheries & Mariculture","Market",1,39702386825.0788,1237537,32.0817776156016
"DEU","OECD","Fisheries & Mariculture","Market",1,4995100111123.74,83160871,60.065509789138
"DJI","MAF","Fisheries & Mariculture","Market",1,6380479642.79444,1090156,5.85281339807738
"DNK","OECD","Fisheries & Mariculture","Market",1,383044686083.86,5831404,65.6865286788327
"DOM","LAM","Fisheries & Mariculture","Market",1,217098214927.192,10999664,19.7368042266738
"DZA","MAF","Fisheries & Mariculture","Market",1,625255146236.089,43451666,14.3896702657175
"ECU","LAM","Fisheries & Mariculture","Market",1,218010165471.528,17588595,12.3949733035258
"EGY","MAF","Fisheries & Mariculture","Market",1,1673531030392.09,107465134,15.5727813114911
"ERI","MAF","Fisheries & Mariculture","Market",2.01724538790255,NA,3555868,NA
"ESP","OECD","Fisheries & Mariculture","Market",1,1943838239090.75,47365655,41.0389814959964
"EST","REF","Fisheries & Mariculture","Market",1,55411792917.2665,1329522,41.6779811972021
"FIN","OECD","Fisheries & Mariculture","Market",1,311371999879.4,5529543,56.3106209463241
"FJI","ASIA","Fisheries & Mariculture","Market",9.24080362483192,10297880948.9337,920422,11.1882168711023
"FRA","OECD","Fisheries & Mariculture","Market",1,3427510236825.16,67571107,50.7244943733889
"GAB","MAF","Fisheries & Mariculture","Market",1,45113336047.1522,2292573,19.6780368813347
"GBR","OECD","Fisheries & Mariculture","Market",1,3259058619205.67,67081234,48.5837606864189
"GEO","REF","Fisheries & Mariculture","Market",1,63402112372.6154,3722716,17.0311440283426
"GHA","MAF","Fisheries & Mariculture","Market",1,204486487774.301,32180401,6.35437972865226
"GIN","MAF","Fisheries & Mariculture","Market",1,48645702063.7652,13205153,3.68384236545879
"GMB","MAF","Fisheries & Mariculture","Market",1,6798313576.12098,2573995,2.64115259591451
"GNB","MAF","Fisheries & Mariculture","Market",5.65356154437213,4412004453.13739,2015828,2.18868100509438
"GNQ","MAF","Fisheries & Mariculture","Market",1,29332985518.4104,1596049,18.3784993558534
"GRC","OECD","Fisheries & Mariculture","Market",1,321993861143.427,10698599,30.0968249341271
"GRD","LAM","Fisheries & Mariculture","Market",1.06331027259824,1705177563.59537,123663,13.7889066543378
"GTM","LAM","Fisheries & Mariculture","Market",1,191789996581.405,16858333,11.3765694734708
"GUY","LAM","Fisheries & Mariculture","Market",1.75257080691824,15537984993.3111,797202,19.4906497892769
"HND","LAM","Fisheries & Mariculture","Market",1,56703014340.7969,10121763,5.60208872118394
"HRV","REF","Fisheries & Mariculture","Market",1,127762801336.611,4047680,31.5644520655316
"HTI","LAM","Fisheries & Mariculture","Market",1,36311732131.5742,11306801,3.21149475714432
"IDN","ASIA","Fisheries & Mariculture","Market",1,3404556313997.13,271857970,12.523290429915
"IND","ASIA","Fisheries & Mariculture","Market",1,10378712667573.7,1396387127,7.43254679658308
"IRL","OECD","Fisheries & Mariculture","Market",1,498924056208.806,4985382,100.077397521154
"IRN","MAF","Fisheries & Mariculture","Market",1,1262967880610.57,87290193,14.4686113892608
"IRQ","MAF","Fisheries & Mariculture","Market",1,540256416973.202,42556984,12.6948943791036
"ISL","OECD","Fisheries & Mariculture","Market",12.5055024643826,21953410923.0664,366463,59.9062140599908
"ISR","MAF","Fisheries & Mariculture","Market",1,397995851463.643,9215100,43.1895314715676
"ITA","OECD","Fisheries & Mariculture","Market",1,2724433687872.47,59438851,45.835907693984
"JAM","LAM","Fisheries & Mariculture","Market",1,25981430581.2625,2820436,9.21184901244435
"JPN","OECD","Fisheries & Mariculture","Market",1,5459310569514.2,126261000,43.2382966198129
"KAZ","REF","Fisheries & Mariculture","Market",1,623652745889.61,18755666,33.2514316414896
"KEN","MAF","Fisheries & Mariculture","Market",1,264084005302.165,51985780,5.07992772835504
"KHM","ASIA","Fisheries & Mariculture","Market",1,75166667854.1203,16396860,4.58421111445242
"KOR","OECD","Fisheries & Mariculture","Market",1,2410744496330.6,51836239,46.5069330421638
"KWT","MAF","Fisheries & Mariculture","Market",1,207575055837.52,4360444,47.604110002908
"LBN","MAF","Fisheries & Mariculture","Market",1,71322381662.8598,5662923,12.5946232471923
"LBR","MAF","Fisheries & Mariculture","Market",3.58955549834271,7710687112.95704,5087584,1.5155891505589
"LBY","MAF","Fisheries & Mariculture","Market",1,48281575491.4676,6653942,7.25608601509716
"LCA","LAM","Fisheries & Mariculture","Market",1,2985681510.61095,179237,16.6577297690262
"LKA","ASIA","Fisheries & Mariculture","Market",1,304381510747.019,21919000,13.8866513411661
"LTU","REF","Fisheries & Mariculture","Market",1,122300872241.685,2794885,43.7588209324122
"LVA","REF","Fisheries & Mariculture","Market",1,64936235795.8907,1900449,34.1688915597791
"MAR","MAF","Fisheries & Mariculture","Market",1,299034350113.187,36688772,8.15056852034151
"MDG","MAF","Fisheries & Mariculture","Market",1.77916303176371,44910601332.5875,28225177,1.59115393085356
"MDV","ASIA","Fisheries & Mariculture","Market",14.1230681325018,7144935724.77748,514438,13.8888179426432
"MEX","LAM","Fisheries & Mariculture","Market",1,2532194390753.47,125998302,20.0970517106927
"MLT","REF","Fisheries & Mariculture","Market",1,24652618302.7264,515332,47.8383222907299
"MMR","ASIA","Fisheries & Mariculture","Market",1,314220151769.184,53423198,5.881717372464
"MNE","REF","Fisheries & Mariculture","Market",1,13425652140.7108,621306,21.6087598392914
"MOZ","MAF","Fisheries & Mariculture","Market",1,45132727321.6262,31178239,1.44757140778946
"MRT","MAF","Fisheries & Mariculture","Market",1.32070474497409,27431664470.7931,4498604,6.09781711633055
"MUS","MAF","Fisheries & Mariculture","Market",1.74716364024871,27845555062.1668,1266014,21.9946659848681
"MYS","ASIA","Fisheries & Mariculture","Market",1,989886134294.711,33199993,29.8158537049906
"NAM","MAF","Fisheries & Mariculture","Market",2.80557050870288,26338688299.7304,2489098,10.5816196468481
"NCL","ASIA","Fisheries & Mariculture","Market",10.6674364651328,NA,271080,NA
"NGA","MAF","Fisheries & Mariculture","Market",1,1157867757369.25,208327405,5.55792339164043
"NIC","LAM","Fisheries & Mariculture","Market",1,42685563138.5411,6755895,6.31826917655486
"NLD","OECD","Fisheries & Mariculture","Market",1,1117665801491.7,17441500,64.0808302893501
"NOR","OECD","Fisheries & Mariculture","Market",1.15569761975221,464322656561.548,5379475,86.3137493085381
"NZL","OECD","Fisheries & Mariculture","Market",1.47432779046616,235622231915.545,5090200,46.2893858621557
"OMN","MAF","Fisheries & Mariculture","Market",1,170707675007.84,4543399,37.5726796189021
"PAK","ASIA","Fisheries & Mariculture","Market",1,1206737395064.25,227196741,5.3114203564401
"PAN","LAM","Fisheries & Mariculture","Market",1,116057432912.962,4294396,27.0253215849125
"PER","LAM","Fisheries & Mariculture","Market",1.86017654276269,446999457900.808,33304756,13.4214902490446
"PHL","ASIA","Fisheries & Mariculture","Market",1,947667774087.591,112190977,8.44691613736095
"PNG","ASIA","Fisheries & Mariculture","Market",5.25101720913661,40039960436.3357,9749640,4.10681424507322
"POL","REF","Fisheries & Mariculture","Market",1,1428297945826.96,37899070,37.6868864018816
"PRT","OECD","Fisheries & Mariculture","Market",1,380057453682.471,10297081,36.9092419184108
"PYF","ASIA","Fisheries & Mariculture","Market",14.3916894743254,NA,301920,NA
"QAT","MAF","Fisheries & Mariculture","Market",1,287970239265.658,2760385,104.322490980663
"ROU","REF","Fisheries & Mariculture","Market",1,686837568376.907,19265250,35.6516301826816
"RUS","REF","Fisheries & Mariculture","Market",1,5427716010814.12,145245148,37.3693447633385
"SAU","MAF","Fisheries & Mariculture","Market",1,1633870015239.06,35997107,45.3889257055868
"SDN","MAF","Fisheries & Mariculture","Market",1,159141858245.694,44440486,3.58101075325085
"SEN","MAF","Fisheries & Mariculture","Market",1,67459775215.5858,16436120,4.10436132223334
"SGP","ASIA","Fisheries & Mariculture","Market",1,655597140120.973,5685807,115.304149458639
"SLB","ASIA","Fisheries & Mariculture","Market",30.5467842390489,1873208743.84805,691191,2.71011738267433
"SLE","MAF","Fisheries & Mariculture","Market",1.5196376711063,13135733266.7475,8233970,1.59530982827816
"SLV","LAM","Fisheries & Mariculture","Market",1,60429252054.6952,6292731,9.60302483209519
"SOM","MAF","Fisheries & Mariculture","Market",12.8195345552512,24149751172.1372,16537016,1.46034515369261
"STP","MAF","Fisheries & Mariculture","Market",7.49752131563139,1248717723.58468,218641,5.71126972335783
"SUR","LAM","Fisheries & Mariculture","Market",1,11590208978.5424,607065,19.0922042590866
"SVN","REF","Fisheries & Mariculture","Market",1,90576970141.3813,2102419,43.0822638785995
"SWE","OECD","Fisheries & Mariculture","Market",1,621875638386.034,10353442,60.064627626835
"SYR","MAF","Fisheries & Mariculture","Market",1,61353089804.8273,20772595,2.95355923536887
"TGO","MAF","Fisheries & Mariculture","Market",1,21588061755.9783,8442580,2.55704556616322
"THA","ASIA","Fisheries & Mariculture","Market",1,1429716667768.12,71475664,20.0028455526922
"TKM","REF","Fisheries & Mariculture","Market",1,NA,6250438,NA
"TLS","ASIA","Fisheries & Mariculture","Market",1.99561700169334,8742267528.89534,1299995,6.72484704086965
"TON","ASIA","Fisheries & Mariculture","Market",22.7629981729852,734405892.381949,105254,6.97746301691099
"TTO","LAM","Fisheries & Mariculture","Market",1,42598557065.8992,1518147,28.0595733258368
"TUN","MAF","Fisheries & Mariculture","Market",1,142541525685.934,12161723,11.7205042152279
"TUR","REF","Fisheries & Mariculture","Market",1,2388933992735.03,83384680,28.6495552028865
"TWN","ASIA","Fisheries & Mariculture","Market",1,NA,NA,NA
"TZA","MAF","Fisheries & Mariculture","Market",1,203975515772.129,61704518,3.30568202108197
"UKR","REF","Fisheries & Mariculture","Market",1,721606731034.35,44207754,16.3230805852374
"URY","LAM","Fisheries & Mariculture","Market",1,94734678136.4358,3429086,27.6268014673402
"USA","OECD","Fisheries & Mariculture","Market",1,22300552960504.8,331526933,67.266187874108
"VCT","LAM","Fisheries & Mariculture","Market",1.13609709364905,1623037920.07817,104632,15.5118694097233
"VEN","LAM","Fisheries & Mariculture","Market",1,NA,28490453,NA
"VNM","ASIA","Fisheries & Mariculture","Market",1,1162375387665.02,96648685,12.0268101698954
"VUT","ASIA","Fisheries & Mariculture","Market",13.9252016209187,974640312.02063,311685,3.12700422548608
"WSM","ASIA","Fisheries & Mariculture","Market",1.90866631231267,1430162216.95336,214929,6.65411469347254
"YEM","MAF","Fisheries & Mariculture","Market",1,NA,32284046,NA
"ZAF","OECD","Fisheries & Mariculture","Market",1,803930033737.128,58801927,13.6718314305776
"ARG","LAM","Fisheries & Mariculture","Non-market Use",1,1079321900605.97,45376763,23.7857843805643
"AUS","OECD","Fisheries & Mariculture","Non-market Use",1,1444006380031.66,25649248,56.2981955662661
"BEL","OECD","Fisheries & Mariculture","Non-market Use",1,673136289291.464,11538604,58.3377581284065
"BEN","MAF","Fisheries & Mariculture","Non-market Use",5.79378696341132,43364987288.175,12643123,3.42992686919007
"BGD","ASIA","Fisheries & Mariculture","Non-market Use",1.20136363985594,1166613553390.4,167420951,6.96814554225295
"BGR","REF","Fisheries & Mariculture","Non-market Use",1,187847369125.855,6934015,27.0907070616165
"BHS","LAM","Fisheries & Mariculture","Non-market Use",1,10077516213.8323,406471,24.7927065247762
"BLZ","LAM","Fisheries & Mariculture","Non-market Use",1,3923484265.5722,394921,9.93485853011665
"BRA","LAM","Fisheries & Mariculture","Non-market Use",1,3615574021216.43,213196304,16.9588963475485
"BRB","LAM","Fisheries & Mariculture","Non-market Use",2.62330483918769,4198038554.94363,280693,14.9559787915752
"BRN","ASIA","Fisheries & Mariculture","Non-market Use",1,35917994917.4561,441725,81.3130226214412
"CAN","OECD","Fisheries & Mariculture","Non-market Use",1,2025972302247.91,38028638,53.2749109302287
"CHL","LAM","Fisheries & Mariculture","Non-market Use",1,508630596663.334,19300315,26.3534868038855
"CHN","ASIA","Fisheries & Mariculture","Non-market Use",1,26576353594843,1411100000,18.8337847033116
"CMR","MAF","Fisheries & Mariculture","Non-market Use",8.38578193826582,124802438898.501,26491087,4.7111105293075
"COG","MAF","Fisheries & Mariculture","Non-market Use",2.54136678742397,36533150703.5037,5702174,6.40688107790181
"COL","LAM","Fisheries & Mariculture","Non-market Use",1,817711118547.378,50930662,16.0553797346553
"CPV","MAF","Fisheries & Mariculture","Non-market Use",1.39529959670097,3709738572.23108,582640,6.36711961456659
"CRI","LAM","Fisheries & Mariculture","Non-market Use",1,113169448758.601,5123105,22.0900115766905
"CYP","REF","Fisheries & Mariculture","Non-market Use",1,39702386825.0788,1237537,32.0817776156016
"DEU","OECD","Fisheries & Mariculture","Non-market Use",1,4995100111123.74,83160871,60.065509789138
"DJI","MAF","Fisheries & Mariculture","Non-market Use",1,6380479642.79444,1090156,5.85281339807738
"DNK","OECD","Fisheries & Mariculture","Non-market Use",1,383044686083.86,5831404,65.6865286788327
"DOM","LAM","Fisheries & Mariculture","Non-market Use",1,217098214927.192,10999664,19.7368042266738
"DZA","MAF","Fisheries & Mariculture","Non-market Use",1,625255146236.089,43451666,14.3896702657175
"ECU","LAM","Fisheries & Mariculture","Non-market Use",1,218010165471.528,17588595,12.3949733035258
"EGY","MAF","Fisheries & Mariculture","Non-market Use",1,1673531030392.09,107465134,15.5727813114911
"ESP","OECD","Fisheries & Mariculture","Non-market Use",1,1943838239090.75,47365655,41.0389814959964
"EST","REF","Fisheries & Mariculture","Non-market Use",1,55411792917.2665,1329522,41.6779811972021
"FIN","OECD","Fisheries & Mariculture","Non-market Use",1,311371999879.4,5529543,56.3106209463241
"FJI","ASIA","Fisheries & Mariculture","Non-market Use",5.07678540922168,10297880948.9337,920422,11.1882168711023
"FRA","OECD","Fisheries & Mariculture","Non-market Use",1,3427510236825.16,67571107,50.7244943733889
"GAB","MAF","Fisheries & Mariculture","Non-market Use",1,45113336047.1522,2292573,19.6780368813347
"GBR","OECD","Fisheries & Mariculture","Non-market Use",1,3259058619205.67,67081234,48.5837606864189
"GEO","REF","Fisheries & Mariculture","Non-market Use",1.11270006921211,63402112372.6154,3722716,17.0311440283426
"GHA","MAF","Fisheries & Mariculture","Non-market Use",8.0430628333605,204486487774.301,32180401,6.35437972865226
"GIN","MAF","Fisheries & Mariculture","Non-market Use",7.03127806855964,48645702063.7652,13205153,3.68384236545879
"GMB","MAF","Fisheries & Mariculture","Non-market Use",12.7756816301929,6798313576.12098,2573995,2.64115259591451
"GNB","MAF","Fisheries & Mariculture","Non-market Use",1,4412004453.13739,2015828,2.18868100509438
"GRC","OECD","Fisheries & Mariculture","Non-market Use",1,321993861143.427,10698599,30.0968249341271
"GRD","LAM","Fisheries & Mariculture","Non-market Use",1.84582284631776,1705177563.59537,123663,13.7889066543378
"GTM","LAM","Fisheries & Mariculture","Non-market Use",1,191789996581.405,16858333,11.3765694734708
"GUY","LAM","Fisheries & Mariculture","Non-market Use",1.93954558732011,15537984993.3111,797202,19.4906497892769
"HND","LAM","Fisheries & Mariculture","Non-market Use",1,56703014340.7969,10121763,5.60208872118394
"HRV","REF","Fisheries & Mariculture","Non-market Use",1,127762801336.611,4047680,31.5644520655316
"HTI","LAM","Fisheries & Mariculture","Non-market Use",6.32697227482364,36311732131.5742,11306801,3.21149475714432
"IDN","ASIA","Fisheries & Mariculture","Non-market Use",4.35104300339035,3404556313997.13,271857970,12.523290429915
"IND","ASIA","Fisheries & Mariculture","Non-market Use",1,10378712667573.7,1396387127,7.43254679658308
"IRL","OECD","Fisheries & Mariculture","Non-market Use",1,498924056208.806,4985382,100.077397521154
"IRN","MAF","Fisheries & Mariculture","Non-market Use",1,1262967880610.57,87290193,14.4686113892608
"ISL","OECD","Fisheries & Mariculture","Non-market Use",1,21953410923.0664,366463,59.9062140599908
"ISR","MAF","Fisheries & Mariculture","Non-market Use",1,397995851463.643,9215100,43.1895314715676
"ITA","OECD","Fisheries & Mariculture","Non-market Use",1,2724433687872.47,59438851,45.835907693984
"JAM","LAM","Fisheries & Mariculture","Non-market Use",2.47152883585534,25981430581.2625,2820436,9.21184901244435
"JOR","MAF","Fisheries & Mariculture","Non-market Use",1,98033034783.6004,10928721,8.97022028319694
"JPN","OECD","Fisheries & Mariculture","Non-market Use",1.2142793341153,5459310569514.2,126261000,43.2382966198129
"KEN","MAF","Fisheries & Mariculture","Non-market Use",1,264084005302.165,51985780,5.07992772835504
"KHM","ASIA","Fisheries & Mariculture","Non-market Use",4.31623094407435,75166667854.1203,16396860,4.58421111445242
"KOR","OECD","Fisheries & Mariculture","Non-market Use",1,2410744496330.6,51836239,46.5069330421638
"KWT","MAF","Fisheries & Mariculture","Non-market Use",1,207575055837.52,4360444,47.604110002908
"LBN","MAF","Fisheries & Mariculture","Non-market Use",1,71322381662.8598,5662923,12.5946232471923
"LBR","MAF","Fisheries & Mariculture","Non-market Use",3.55038114640497,7710687112.95704,5087584,1.5155891505589
"LCA","LAM","Fisheries & Mariculture","Non-market Use",1.48865392547649,2985681510.61095,179237,16.6577297690262
"LKA","ASIA","Fisheries & Mariculture","Non-market Use",4.56208091564014,304381510747.019,21919000,13.8866513411661
"LTU","REF","Fisheries & Mariculture","Non-market Use",1.30846403401525,122300872241.685,2794885,43.7588209324122
"LVA","REF","Fisheries & Mariculture","Non-market Use",1.15917351565298,64936235795.8907,1900449,34.1688915597791
"MAR","MAF","Fisheries & Mariculture","Non-market Use",4.25729730374872,299034350113.187,36688772,8.15056852034151
"MDG","MAF","Fisheries & Mariculture","Non-market Use",5.61165806509584,44910601332.5875,28225177,1.59115393085356
"MDV","ASIA","Fisheries & Mariculture","Non-market Use",4.53050843353893,7144935724.77748,514438,13.8888179426432
"MEX","LAM","Fisheries & Mariculture","Non-market Use",1,2532194390753.47,125998302,20.0970517106927
"MLT","REF","Fisheries & Mariculture","Non-market Use",1,24652618302.7264,515332,47.8383222907299
"MOZ","MAF","Fisheries & Mariculture","Non-market Use",19.4645136103039,45132727321.6262,31178239,1.44757140778946
"MRT","MAF","Fisheries & Mariculture","Non-market Use",1,27431664470.7931,4498604,6.09781711633055
"MUS","MAF","Fisheries & Mariculture","Non-market Use",1,27845555062.1668,1266014,21.9946659848681
"MYS","ASIA","Fisheries & Mariculture","Non-market Use",1.4007317666984,989886134294.711,33199993,29.8158537049906
"NAM","MAF","Fisheries & Mariculture","Non-market Use",1.43598107293712,26338688299.7304,2489098,10.5816196468481
"NGA","MAF","Fisheries & Mariculture","Non-market Use",3.93930104536748,1157867757369.25,208327405,5.55792339164043
"NIC","LAM","Fisheries & Mariculture","Non-market Use",1,42685563138.5411,6755895,6.31826917655486
"NLD","OECD","Fisheries & Mariculture","Non-market Use",1,1117665801491.7,17441500,64.0808302893501
"NOR","OECD","Fisheries & Mariculture","Non-market Use",1,464322656561.548,5379475,86.3137493085381
"NZL","OECD","Fisheries & Mariculture","Non-market Use",1,235622231915.545,5090200,46.2893858621557
"OMN","MAF","Fisheries & Mariculture","Non-market Use",1,170707675007.84,4543399,37.5726796189021
"PAK","ASIA","Fisheries & Mariculture","Non-market Use",1,1206737395064.25,227196741,5.3114203564401
"PAN","LAM","Fisheries & Mariculture","Non-market Use",1,116057432912.962,4294396,27.0253215849125
"PER","LAM","Fisheries & Mariculture","Non-market Use",1.26685857969706,446999457900.808,33304756,13.4214902490446
"PHL","ASIA","Fisheries & Mariculture","Non-market Use",4.43736042112741,947667774087.591,112190977,8.44691613736095
"POL","REF","Fisheries & Mariculture","Non-market Use",1,1428297945826.96,37899070,37.6868864018816
"PRT","OECD","Fisheries & Mariculture","Non-market Use",1,380057453682.471,10297081,36.9092419184108
"ROU","REF","Fisheries & Mariculture","Non-market Use",1,686837568376.907,19265250,35.6516301826816
"RUS","REF","Fisheries & Mariculture","Non-market Use",1,5427716010814.12,145245148,37.3693447633385
"SAU","MAF","Fisheries & Mariculture","Non-market Use",1,1633870015239.06,35997107,45.3889257055868
"SDN","MAF","Fisheries & Mariculture","Non-market Use",1,159141858245.694,44440486,3.58101075325085
"SEN","MAF","Fisheries & Mariculture","Non-market Use",8.3521052927444,67459775215.5858,16436120,4.10436132223334
"SLB","ASIA","Fisheries & Mariculture","Non-market Use",33.1187813443063,1873208743.84805,691191,2.71011738267433
"SLE","MAF","Fisheries & Mariculture","Non-market Use",46.634752828706,13135733266.7475,8233970,1.59530982827816
"SLV","LAM","Fisheries & Mariculture","Non-market Use",1,60429252054.6952,6292731,9.60302483209519
"SUR","LAM","Fisheries & Mariculture","Non-market Use",1.29001124845744,11590208978.5424,607065,19.0922042590866
"SVN","REF","Fisheries & Mariculture","Non-market Use",1,90576970141.3813,2102419,43.0822638785995
"SWE","OECD","Fisheries & Mariculture","Non-market Use",1,621875638386.034,10353442,60.064627626835
"TGO","MAF","Fisheries & Mariculture","Non-market Use",9.97701205511637,21588061755.9783,8442580,2.55704556616322
"THA","ASIA","Fisheries & Mariculture","Non-market Use",1.59176640042498,1429716667768.12,71475664,20.0028455526922
"TLS","ASIA","Fisheries & Mariculture","Non-market Use",1.32027904572092,8742267528.89534,1299995,6.72484704086965
"TTO","LAM","Fisheries & Mariculture","Non-market Use",1,42598557065.8992,1518147,28.0595733258368
"TUN","MAF","Fisheries & Mariculture","Non-market Use",1.70047294384191,142541525685.934,12161723,11.7205042152279
"TUR","REF","Fisheries & Mariculture","Non-market Use",1,2388933992735.03,83384680,28.6495552028865
"TZA","MAF","Fisheries & Mariculture","Non-market Use",1,203975515772.129,61704518,3.30568202108197
"UKR","REF","Fisheries & Mariculture","Non-market Use",1,721606731034.35,44207754,16.3230805852374
"URY","LAM","Fisheries & Mariculture","Non-market Use",1,94734678136.4358,3429086,27.6268014673402
"USA","OECD","Fisheries & Mariculture","Non-market Use",1,22300552960504.8,331526933,67.266187874108
"VCT","LAM","Fisheries & Mariculture","Non-market Use",1.31074182120576,1623037920.07817,104632,15.5118694097233
"VNM","ASIA","Fisheries & Mariculture","Non-market Use",2.13798286008107,1162375387665.02,96648685,12.0268101698954
"VUT","ASIA","Fisheries & Mariculture","Non-market Use",19.7703653479586,974640312.02063,311685,3.12700422548608
"WSM","ASIA","Fisheries & Mariculture","Non-market Use",7.35295072445409,1430162216.95336,214929,6.65411469347254
"ZAF","OECD","Fisheries & Mariculture","Non-market Use",1,803930033737.128,58801927,13.6718314305776
"AGO","MAF","Mangroves","Non-use",1,252789131669.92,33428486,7.56208736674225
"AGO","MAF","Mangroves","Market",1,252789131669.92,33428486,7.56208736674225
"AGO","MAF","Mangroves","Non-market Use",1,252789131669.92,33428486,7.56208736674225
"ARE","MAF","Mangroves","Non-use",1,618444247716.259,9287289,66.5903955089864
"ARE","MAF","Mangroves","Market",1,618444247716.259,9287289,66.5903955089864
"ARE","MAF","Mangroves","Non-market Use",1,618444247716.259,9287289,66.5903955089864
"ASM","ASIA","Mangroves","Non-use",1,NA,46189,NA
"ASM","ASIA","Mangroves","Market",1,NA,46189,NA
"ASM","ASIA","Mangroves","Non-market Use",1,NA,46189,NA
"AUS","OECD","Mangroves","Non-use",1,1444006380031.66,25649248,56.2981955662661
"AUS","OECD","Mangroves","Market",1,1444006380031.66,25649248,56.2981955662661
"AUS","OECD","Mangroves","Non-market Use",1,1444006380031.66,25649248,56.2981955662661
"BEN","MAF","Mangroves","Non-use",1,43364987288.175,12643123,3.42992686919007
"BEN","MAF","Mangroves","Market",1,43364987288.175,12643123,3.42992686919007
"BEN","MAF","Mangroves","Non-market Use",1,43364987288.175,12643123,3.42992686919007
"BGD","ASIA","Mangroves","Non-use",1,1166613553390.4,167420951,6.96814554225295
"BGD","ASIA","Mangroves","Market",1,1166613553390.4,167420951,6.96814554225295
"BGD","ASIA","Mangroves","Non-market Use",1,1166613553390.4,167420951,6.96814554225295
"BHS","LAM","Mangroves","Non-use",1,10077516213.8323,406471,24.7927065247762
"BHS","LAM","Mangroves","Market",1,10077516213.8323,406471,24.7927065247762
"BHS","LAM","Mangroves","Non-market Use",1,10077516213.8323,406471,24.7927065247762
"BLZ","LAM","Mangroves","Non-use",1,3923484265.5722,394921,9.93485853011665
"BLZ","LAM","Mangroves","Market",1.67068970526533,3923484265.5722,394921,9.93485853011665
"BLZ","LAM","Mangroves","Non-market Use",1,3923484265.5722,394921,9.93485853011665
"BRA","LAM","Mangroves","Non-use",1,3615574021216.43,213196304,16.9588963475485
"BRA","LAM","Mangroves","Market",1,3615574021216.43,213196304,16.9588963475485
"BRA","LAM","Mangroves","Non-market Use",1,3615574021216.43,213196304,16.9588963475485
"BRN","ASIA","Mangroves","Non-use",1,35917994917.4561,441725,81.3130226214412
"BRN","ASIA","Mangroves","Market",1,35917994917.4561,441725,81.3130226214412
"BRN","ASIA","Mangroves","Non-market Use",1,35917994917.4561,441725,81.3130226214412
"CHN","ASIA","Mangroves","Non-use",1,26576353594843,1411100000,18.8337847033116
"CHN","ASIA","Mangroves","Market",1,26576353594843,1411100000,18.8337847033116
"CHN","ASIA","Mangroves","Non-market Use",1,26576353594843,1411100000,18.8337847033116
"CIV","MAF","Mangroves","Non-use",1,167357279085.193,26811790,6.24192860995827
"CIV","MAF","Mangroves","Market",1,167357279085.193,26811790,6.24192860995827
"CIV","MAF","Mangroves","Non-market Use",1,167357279085.193,26811790,6.24192860995827
"CMR","MAF","Mangroves","Non-use",1,124802438898.501,26491087,4.7111105293075
"CMR","MAF","Mangroves","Market",1,124802438898.501,26491087,4.7111105293075
"CMR","MAF","Mangroves","Non-market Use",1,124802438898.501,26491087,4.7111105293075
"COG","MAF","Mangroves","Non-use",1,36533150703.5037,5702174,6.40688107790181
"COG","MAF","Mangroves","Market",1,36533150703.5037,5702174,6.40688107790181
"COG","MAF","Mangroves","Non-market Use",1,36533150703.5037,5702174,6.40688107790181
"COL","LAM","Mangroves","Non-use",1,817711118547.378,50930662,16.0553797346553
"COL","LAM","Mangroves","Market",1,817711118547.378,50930662,16.0553797346553
"COL","LAM","Mangroves","Non-market Use",1,817711118547.378,50930662,16.0553797346553
"COM","MAF","Mangroves","Non-use",1,2757270870.13927,806166,3.42022718663311
"COM","MAF","Mangroves","Market",1,2757270870.13927,806166,3.42022718663311
"COM","MAF","Mangroves","Non-market Use",1,2757270870.13927,806166,3.42022718663311
"CRI","LAM","Mangroves","Non-use",1,113169448758.601,5123105,22.0900115766905
"CRI","LAM","Mangroves","Market",1,113169448758.601,5123105,22.0900115766905
"CRI","LAM","Mangroves","Non-market Use",1,113169448758.601,5123105,22.0900115766905
"CUB","LAM","Mangroves","Non-use",1,NA,11300698,NA
"CUB","LAM","Mangroves","Market",1,NA,11300698,NA
"CUB","LAM","Mangroves","Non-market Use",1,NA,11300698,NA
"CUW","LAM","Mangroves","Non-use",1,3679666523.43884,154947,23.7479042733247
"CUW","LAM","Mangroves","Market",1,3679666523.43884,154947,23.7479042733247
"CUW","LAM","Mangroves","Non-market Use",1,3679666523.43884,154947,23.7479042733247
"CYM","LAM","Mangroves","Non-use",1,4955504353.31131,67311,73.6210181591614
"CYM","LAM","Mangroves","Market",1,4955504353.31131,67311,73.6210181591614
"CYM","LAM","Mangroves","Non-market Use",1,4955504353.31131,67311,73.6210181591614
"DJI","MAF","Mangroves","Non-use",1,6380479642.79444,1090156,5.85281339807738
"DJI","MAF","Mangroves","Market",1,6380479642.79444,1090156,5.85281339807738
"DJI","MAF","Mangroves","Non-market Use",1,6380479642.79444,1090156,5.85281339807738
"DOM","LAM","Mangroves","Non-use",1,217098214927.192,10999664,19.7368042266738
"DOM","LAM","Mangroves","Market",1,217098214927.192,10999664,19.7368042266738
"DOM","LAM","Mangroves","Non-market Use",1,217098214927.192,10999664,19.7368042266738
"ECU","LAM","Mangroves","Non-use",1,218010165471.528,17588595,12.3949733035258
"ECU","LAM","Mangroves","Market",1,218010165471.528,17588595,12.3949733035258
"ECU","LAM","Mangroves","Non-market Use",1,218010165471.528,17588595,12.3949733035258
"EGY","MAF","Mangroves","Non-use",1,1673531030392.09,107465134,15.5727813114911
"EGY","MAF","Mangroves","Market",1,1673531030392.09,107465134,15.5727813114911
"EGY","MAF","Mangroves","Non-market Use",1,1673531030392.09,107465134,15.5727813114911
"ERI","MAF","Mangroves","Non-use",1,NA,3555868,NA
"ERI","MAF","Mangroves","Market",1,NA,3555868,NA
"ERI","MAF","Mangroves","Non-market Use",1,NA,3555868,NA
"FJI","ASIA","Mangroves","Non-use",1,10297880948.9337,920422,11.1882168711023
"FJI","ASIA","Mangroves","Market",4.20251796970703,10297880948.9337,920422,11.1882168711023
"FJI","ASIA","Mangroves","Non-market Use",1,10297880948.9337,920422,11.1882168711023
"FSM","ASIA","Mangroves","Non-use",1,425994604.839071,112106,3.799926898106
"FSM","ASIA","Mangroves","Market",1,425994604.839071,112106,3.799926898106
"FSM","ASIA","Mangroves","Non-market Use",1,425994604.839071,112106,3.799926898106
"GAB","MAF","Mangroves","Non-use",1,45113336047.1522,2292573,19.6780368813347
"GAB","MAF","Mangroves","Market",2.35839072463846,45113336047.1522,2292573,19.6780368813347
"GAB","MAF","Mangroves","Non-market Use",1,45113336047.1522,2292573,19.6780368813347
"GHA","MAF","Mangroves","Non-use",1,204486487774.301,32180401,6.35437972865226
"GHA","MAF","Mangroves","Market",1,204486487774.301,32180401,6.35437972865226
"GHA","MAF","Mangroves","Non-market Use",1,204486487774.301,32180401,6.35437972865226
"GIN","MAF","Mangroves","Non-use",1,48645702063.7652,13205153,3.68384236545879
"GIN","MAF","Mangroves","Market",3.72165495833087,48645702063.7652,13205153,3.68384236545879
"GIN","MAF","Mangroves","Non-market Use",1,48645702063.7652,13205153,3.68384236545879
"GNB","MAF","Mangroves","Non-use",1,4412004453.13739,2015828,2.18868100509438
"GNB","MAF","Mangroves","Market",7.53650152220614,4412004453.13739,2015828,2.18868100509438
"GNB","MAF","Mangroves","Non-market Use",1,4412004453.13739,2015828,2.18868100509438
"GNQ","MAF","Mangroves","Non-use",1,29332985518.4104,1596049,18.3784993558534
"GNQ","MAF","Mangroves","Market",1,29332985518.4104,1596049,18.3784993558534
"GNQ","MAF","Mangroves","Non-market Use",1,29332985518.4104,1596049,18.3784993558534
"GRD","LAM","Mangroves","Non-use",1,1705177563.59537,123663,13.7889066543378
"GRD","LAM","Mangroves","Market",1,1705177563.59537,123663,13.7889066543378
"GRD","LAM","Mangroves","Non-market Use",1,1705177563.59537,123663,13.7889066543378
"GTM","LAM","Mangroves","Non-use",1,191789996581.405,16858333,11.3765694734708
"GTM","LAM","Mangroves","Market",1,191789996581.405,16858333,11.3765694734708
"GTM","LAM","Mangroves","Non-market Use",1,191789996581.405,16858333,11.3765694734708
"GUF","LAM","Mangroves","Non-use",1,NA,NA,NA
"GUF","LAM","Mangroves","Market",1,NA,NA,NA
"GUF","LAM","Mangroves","Non-market Use",1,NA,NA,NA
"GUM","ASIA","Mangroves","Non-use",1,NA,169231,NA
"GUM","ASIA","Mangroves","Market",1,NA,169231,NA
"GUM","ASIA","Mangroves","Non-market Use",1,NA,169231,NA
"GUY","LAM","Mangroves","Non-use",1,15537984993.3111,797202,19.4906497892769
"GUY","LAM","Mangroves","Market",1,15537984993.3111,797202,19.4906497892769
"GUY","LAM","Mangroves","Non-market Use",1,15537984993.3111,797202,19.4906497892769
"HND","LAM","Mangroves","Non-use",1,56703014340.7969,10121763,5.60208872118394
"HND","LAM","Mangroves","Market",1,56703014340.7969,10121763,5.60208872118394
"HND","LAM","Mangroves","Non-market Use",1,56703014340.7969,10121763,5.60208872118394
"HTI","LAM","Mangroves","Non-use",1,36311732131.5742,11306801,3.21149475714432
"HTI","LAM","Mangroves","Market",1,36311732131.5742,11306801,3.21149475714432
"HTI","LAM","Mangroves","Non-market Use",1,36311732131.5742,11306801,3.21149475714432
"IDN","ASIA","Mangroves","Non-use",1,3404556313997.13,271857970,12.523290429915
"IDN","ASIA","Mangroves","Market",1,3404556313997.13,271857970,12.523290429915
"IDN","ASIA","Mangroves","Non-market Use",1,3404556313997.13,271857970,12.523290429915
"IND","ASIA","Mangroves","Non-use",1,10378712667573.7,1396387127,7.43254679658308
"IND","ASIA","Mangroves","Market",1,10378712667573.7,1396387127,7.43254679658308
"IND","ASIA","Mangroves","Non-market Use",1,10378712667573.7,1396387127,7.43254679658308
"IRN","MAF","Mangroves","Non-use",1,1262967880610.57,87290193,14.4686113892608
"IRN","MAF","Mangroves","Market",1,1262967880610.57,87290193,14.4686113892608
"IRN","MAF","Mangroves","Non-market Use",1,1262967880610.57,87290193,14.4686113892608
"JAM","LAM","Mangroves","Non-use",1,25981430581.2625,2820436,9.21184901244435
"JAM","LAM","Mangroves","Market",1,25981430581.2625,2820436,9.21184901244435
"JAM","LAM","Mangroves","Non-market Use",1,25981430581.2625,2820436,9.21184901244435
"JPN","OECD","Mangroves","Non-use",1,5459310569514.2,126261000,43.2382966198129
"JPN","OECD","Mangroves","Market",1,5459310569514.2,126261000,43.2382966198129
"JPN","OECD","Mangroves","Non-market Use",1,5459310569514.2,126261000,43.2382966198129
"KEN","MAF","Mangroves","Non-use",1,264084005302.165,51985780,5.07992772835504
"KEN","MAF","Mangroves","Market",1,264084005302.165,51985780,5.07992772835504
"KEN","MAF","Mangroves","Non-market Use",1,264084005302.165,51985780,5.07992772835504
"KHM","ASIA","Mangroves","Non-use",1,75166667854.1203,16396860,4.58421111445242
"KHM","ASIA","Mangroves","Market",1,75166667854.1203,16396860,4.58421111445242
"KHM","ASIA","Mangroves","Non-market Use",1,75166667854.1203,16396860,4.58421111445242
"LBR","MAF","Mangroves","Non-use",1,7710687112.95704,5087584,1.5155891505589
"LBR","MAF","Mangroves","Market",1,7710687112.95704,5087584,1.5155891505589
"LBR","MAF","Mangroves","Non-market Use",1,7710687112.95704,5087584,1.5155891505589
"LCA","LAM","Mangroves","Non-use",1,2985681510.61095,179237,16.6577297690262
"LCA","LAM","Mangroves","Market",1,2985681510.61095,179237,16.6577297690262
"LCA","LAM","Mangroves","Non-market Use",1,2985681510.61095,179237,16.6577297690262
"LKA","ASIA","Mangroves","Non-use",1,304381510747.019,21919000,13.8866513411661
"LKA","ASIA","Mangroves","Market",1,304381510747.019,21919000,13.8866513411661
"LKA","ASIA","Mangroves","Non-market Use",1,304381510747.019,21919000,13.8866513411661
"MDG","MAF","Mangroves","Non-use",1,44910601332.5875,28225177,1.59115393085356
"MDG","MAF","Mangroves","Market",1.219148189327,44910601332.5875,28225177,1.59115393085356
"MDG","MAF","Mangroves","Non-market Use",1,44910601332.5875,28225177,1.59115393085356
"MEX","LAM","Mangroves","Non-use",1,2532194390753.47,125998302,20.0970517106927
"MEX","LAM","Mangroves","Market",1.16035178919947,2532194390753.47,125998302,20.0970517106927
"MEX","LAM","Mangroves","Non-market Use",1,2532194390753.47,125998302,20.0970517106927
"MMR","ASIA","Mangroves","Non-use",1,314220151769.184,53423198,5.881717372464
"MMR","ASIA","Mangroves","Market",1,314220151769.184,53423198,5.881717372464
"MMR","ASIA","Mangroves","Non-market Use",1,314220151769.184,53423198,5.881717372464
"MOZ","MAF","Mangroves","Non-use",1,45132727321.6262,31178239,1.44757140778946
"MOZ","MAF","Mangroves","Market",1,45132727321.6262,31178239,1.44757140778946
"MOZ","MAF","Mangroves","Non-market Use",1,45132727321.6262,31178239,1.44757140778946
"MRT","MAF","Mangroves","Non-use",1,27431664470.7931,4498604,6.09781711633055
"MRT","MAF","Mangroves","Market",1,27431664470.7931,4498604,6.09781711633055
"MRT","MAF","Mangroves","Non-market Use",1,27431664470.7931,4498604,6.09781711633055
"MTQ","LAM","Mangroves","Non-use",1,NA,NA,NA
"MTQ","LAM","Mangroves","Market",1,NA,NA,NA
"MTQ","LAM","Mangroves","Non-market Use",1,NA,NA,NA
"MUS","MAF","Mangroves","Non-use",1,27845555062.1668,1266014,21.9946659848681
"MUS","MAF","Mangroves","Market",1,27845555062.1668,1266014,21.9946659848681
"MUS","MAF","Mangroves","Non-market Use",1,27845555062.1668,1266014,21.9946659848681
"MYS","ASIA","Mangroves","Non-use",1,989886134294.711,33199993,29.8158537049906
"MYS","ASIA","Mangroves","Market",1,989886134294.711,33199993,29.8158537049906
"MYS","ASIA","Mangroves","Non-market Use",1,989886134294.711,33199993,29.8158537049906
"MYT","MAF","Mangroves","Non-use",1,NA,NA,NA
"MYT","MAF","Mangroves","Market",1,NA,NA,NA
"MYT","MAF","Mangroves","Non-market Use",1,NA,NA,NA
"NCL","ASIA","Mangroves","Non-use",1,NA,271080,NA
"NCL","ASIA","Mangroves","Market",1,NA,271080,NA
"NCL","ASIA","Mangroves","Non-market Use",1,NA,271080,NA
"NGA","MAF","Mangroves","Non-use",1,1157867757369.25,208327405,5.55792339164043
"NGA","MAF","Mangroves","Market",2.15218009976612,1157867757369.25,208327405,5.55792339164043
"NGA","MAF","Mangroves","Non-market Use",1,1157867757369.25,208327405,5.55792339164043
"NIC","LAM","Mangroves","Non-use",1,42685563138.5411,6755895,6.31826917655486
"NIC","LAM","Mangroves","Market",1,42685563138.5411,6755895,6.31826917655486
"NIC","LAM","Mangroves","Non-market Use",1,42685563138.5411,6755895,6.31826917655486
"NZL","OECD","Mangroves","Non-use",1,235622231915.545,5090200,46.2893858621557
"NZL","OECD","Mangroves","Market",1,235622231915.545,5090200,46.2893858621557
"NZL","OECD","Mangroves","Non-market Use",1,235622231915.545,5090200,46.2893858621557
"OMN","MAF","Mangroves","Non-use",1,170707675007.84,4543399,37.5726796189021
"OMN","MAF","Mangroves","Market",1,170707675007.84,4543399,37.5726796189021
"OMN","MAF","Mangroves","Non-market Use",1,170707675007.84,4543399,37.5726796189021
"PAK","ASIA","Mangroves","Non-use",1,1206737395064.25,227196741,5.3114203564401
"PAK","ASIA","Mangroves","Market",1,1206737395064.25,227196741,5.3114203564401
"PAK","ASIA","Mangroves","Non-market Use",1,1206737395064.25,227196741,5.3114203564401
"PAN","LAM","Mangroves","Non-use",1,116057432912.962,4294396,27.0253215849125
"PAN","LAM","Mangroves","Market",1,116057432912.962,4294396,27.0253215849125
"PAN","LAM","Mangroves","Non-market Use",1,116057432912.962,4294396,27.0253215849125
"PER","LAM","Mangroves","Non-use",1,446999457900.808,33304756,13.4214902490446
"PER","LAM","Mangroves","Market",1,446999457900.808,33304756,13.4214902490446
"PER","LAM","Mangroves","Non-market Use",1,446999457900.808,33304756,13.4214902490446
"PHL","ASIA","Mangroves","Non-use",1,947667774087.591,112190977,8.44691613736095
"PHL","ASIA","Mangroves","Market",1,947667774087.591,112190977,8.44691613736095
"PHL","ASIA","Mangroves","Non-market Use",1,947667774087.591,112190977,8.44691613736095
"PNG","ASIA","Mangroves","Non-use",1,40039960436.3357,9749640,4.10681424507322
"PNG","ASIA","Mangroves","Market",1,40039960436.3357,9749640,4.10681424507322
"PNG","ASIA","Mangroves","Non-market Use",1,40039960436.3357,9749640,4.10681424507322
"PRI","LAM","Mangroves","Non-use",1,131826020840.194,3281557,40.1717906591883
"PRI","LAM","Mangroves","Market",1,131826020840.194,3281557,40.1717906591883
"PRI","LAM","Mangroves","Non-market Use",1,131826020840.194,3281557,40.1717906591883
"PYF","ASIA","Mangroves","Non-use",1,NA,301920,NA
"PYF","ASIA","Mangroves","Market",1,NA,301920,NA
"PYF","ASIA","Mangroves","Non-market Use",1,NA,301920,NA
"QAT","MAF","Mangroves","Non-use",1,287970239265.658,2760385,104.322490980663
"QAT","MAF","Mangroves","Market",1,287970239265.658,2760385,104.322490980663
"QAT","MAF","Mangroves","Non-market Use",1,287970239265.658,2760385,104.322490980663
"SAU","MAF","Mangroves","Non-use",1,1633870015239.06,35997107,45.3889257055868
"SAU","MAF","Mangroves","Market",1,1633870015239.06,35997107,45.3889257055868
"SAU","MAF","Mangroves","Non-market Use",1,1633870015239.06,35997107,45.3889257055868
"SDN","MAF","Mangroves","Non-use",1,159141858245.694,44440486,3.58101075325085
"SDN","MAF","Mangroves","Market",1,159141858245.694,44440486,3.58101075325085
"SDN","MAF","Mangroves","Non-market Use",1,159141858245.694,44440486,3.58101075325085
"SEN","MAF","Mangroves","Non-use",1,67459775215.5858,16436120,4.10436132223334
"SEN","MAF","Mangroves","Market",8.2733188789957,67459775215.5858,16436120,4.10436132223334
"SEN","MAF","Mangroves","Non-market Use",1,67459775215.5858,16436120,4.10436132223334
"SLB","ASIA","Mangroves","Non-use",1,1873208743.84805,691191,2.71011738267433
"SLB","ASIA","Mangroves","Market",1,1873208743.84805,691191,2.71011738267433
"SLB","ASIA","Mangroves","Non-market Use",1,1873208743.84805,691191,2.71011738267433
"SLE","MAF","Mangroves","Non-use",1,13135733266.7475,8233970,1.59530982827816
"SLE","MAF","Mangroves","Market",2.61150626943532,13135733266.7475,8233970,1.59530982827816
"SLE","MAF","Mangroves","Non-market Use",1,13135733266.7475,8233970,1.59530982827816
"SLV","LAM","Mangroves","Non-use",1,60429252054.6952,6292731,9.60302483209519
"SLV","LAM","Mangroves","Market",1,60429252054.6952,6292731,9.60302483209519
"SLV","LAM","Mangroves","Non-market Use",1,60429252054.6952,6292731,9.60302483209519
"SOM","MAF","Mangroves","Non-use",1,24149751172.1372,16537016,1.46034515369261
"SOM","MAF","Mangroves","Market",1,24149751172.1372,16537016,1.46034515369261
"SOM","MAF","Mangroves","Non-market Use",1,24149751172.1372,16537016,1.46034515369261
"STP","MAF","Mangroves","Non-use",1,1248717723.58468,218641,5.71126972335783
"STP","MAF","Mangroves","Market",1,1248717723.58468,218641,5.71126972335783
"STP","MAF","Mangroves","Non-market Use",1,1248717723.58468,218641,5.71126972335783
"SUR","LAM","Mangroves","Non-use",1,11590208978.5424,607065,19.0922042590866
"SUR","LAM","Mangroves","Market",1.27489736357682,11590208978.5424,607065,19.0922042590866
"SUR","LAM","Mangroves","Non-market Use",1,11590208978.5424,607065,19.0922042590866
"TCA","LAM","Mangroves","Non-use",1,879437839.658136,44276,19.8626307628994
"TCA","LAM","Mangroves","Market",1,879437839.658136,44276,19.8626307628994
"TCA","LAM","Mangroves","Non-market Use",1,879437839.658136,44276,19.8626307628994
"TGO","MAF","Mangroves","Non-use",1,21588061755.9783,8442580,2.55704556616322
"TGO","MAF","Mangroves","Market",1,21588061755.9783,8442580,2.55704556616322
"TGO","MAF","Mangroves","Non-market Use",1,21588061755.9783,8442580,2.55704556616322
"THA","ASIA","Mangroves","Non-use",1,1429716667768.12,71475664,20.0028455526922
"THA","ASIA","Mangroves","Market",1,1429716667768.12,71475664,20.0028455526922
"THA","ASIA","Mangroves","Non-market Use",1,1429716667768.12,71475664,20.0028455526922
"TLS","ASIA","Mangroves","Non-use",1,8742267528.89534,1299995,6.72484704086965
"TLS","ASIA","Mangroves","Market",1,8742267528.89534,1299995,6.72484704086965
"TLS","ASIA","Mangroves","Non-market Use",1,8742267528.89534,1299995,6.72484704086965
"TON","ASIA","Mangroves","Non-use",1,734405892.381949,105254,6.97746301691099
"TON","ASIA","Mangroves","Market",1,734405892.381949,105254,6.97746301691099
"TON","ASIA","Mangroves","Non-market Use",1,734405892.381949,105254,6.97746301691099
"TTO","LAM","Mangroves","Non-use",1,42598557065.8992,1518147,28.0595733258368
"TTO","LAM","Mangroves","Market",1,42598557065.8992,1518147,28.0595733258368
"TTO","LAM","Mangroves","Non-market Use",1,42598557065.8992,1518147,28.0595733258368
"TZA","MAF","Mangroves","Non-use",1,203975515772.129,61704518,3.30568202108197
"TZA","MAF","Mangroves","Market",1,203975515772.129,61704518,3.30568202108197
"TZA","MAF","Mangroves","Non-market Use",1,203975515772.129,61704518,3.30568202108197
"USA","OECD","Mangroves","Non-use",1,22300552960504.8,331526933,67.266187874108
"USA","OECD","Mangroves","Market",1,22300552960504.8,331526933,67.266187874108
"USA","OECD","Mangroves","Non-market Use",1,22300552960504.8,331526933,67.266187874108
"VCT","LAM","Mangroves","Non-use",1,1623037920.07817,104632,15.5118694097233
"VCT","LAM","Mangroves","Market",1,1623037920.07817,104632,15.5118694097233
"VCT","LAM","Mangroves","Non-market Use",1,1623037920.07817,104632,15.5118694097233
"VEN","LAM","Mangroves","Non-use",1,NA,28490453,NA
"VEN","LAM","Mangroves","Market",1,NA,28490453,NA
"VEN","LAM","Mangroves","Non-market Use",1,NA,28490453,NA
"VGB","LAM","Mangroves","Non-use",1,NA,30910,NA
"VGB","LAM","Mangroves","Market",1,NA,30910,NA
"VGB","LAM","Mangroves","Non-market Use",1,NA,30910,NA
"VIR","LAM","Mangroves","Non-use",1,4759380926.92476,106290,44.7773160873531
"VIR","LAM","Mangroves","Market",1,4759380926.92476,106290,44.7773160873531
"VIR","LAM","Mangroves","Non-market Use",1,4759380926.92476,106290,44.7773160873531
"VNM","ASIA","Mangroves","Non-use",1,1162375387665.02,96648685,12.0268101698954
"VNM","ASIA","Mangroves","Market",2.32711095100529,1162375387665.02,96648685,12.0268101698954
"VNM","ASIA","Mangroves","Non-market Use",1,1162375387665.02,96648685,12.0268101698954
"VUT","ASIA","Mangroves","Non-use",1,974640312.02063,311685,3.12700422548608
"VUT","ASIA","Mangroves","Market",1,974640312.02063,311685,3.12700422548608
"VUT","ASIA","Mangroves","Non-market Use",1,974640312.02063,311685,3.12700422548608
"WLF","OECD","Mangroves","Non-use",1,NA,NA,NA
"WLF","OECD","Mangroves","Market",1,NA,NA,NA
"WLF","OECD","Mangroves","Non-market Use",1,NA,NA,NA
"WSM","ASIA","Mangroves","Non-use",1,1430162216.95336,214929,6.65411469347254
"WSM","ASIA","Mangroves","Market",1,1430162216.95336,214929,6.65411469347254
"WSM","ASIA","Mangroves","Non-market Use",1,1430162216.95336,214929,6.65411469347254
"YEM","MAF","Mangroves","Non-use",1,NA,32284046,NA
"YEM","MAF","Mangroves","Market",1,NA,32284046,NA
"YEM","MAF","Mangroves","Non-market Use",1,NA,32284046,NA
"ZAF","OECD","Mangroves","Non-use",1,803930033737.128,58801927,13.6718314305776
"ZAF","OECD","Mangroves","Market",1,803930033737.128,58801927,13.6718314305776
"ZAF","OECD","Mangroves","Non-market Use",1,803930033737.128,58801927,13.6718314305776
