"","ISO3","HealthBenefit_PercentageGDP_intercept","HealthBenefit_PercentageGDP_intercept_se","HealthBenefit_PercentageGDP_perDegreeC","HealthBenefit_PercentageGDP_perDegreeC_se"
"1","ARG",0.377445354588658,0.0405539531681758,-0.00309323158877838,0.001500778532319
"2","AUS",0.284063812443177,0.0368831698130518,0.0472241193524468,0.00421156038654266
"3","BEL",0.323183885091603,0.0393702166803895,0.0273608550851149,0.00438693842864395
"4","BEN",34.8158840592261,3.20374047597681,-9.23493871377048,0.530848200010351
"5","BGD",10.0586973699246,0.96578920885605,-2.43500367469878,0.140971108114095
"6","BGR",2.77973430194313,0.332648179954728,0.100037602602263,0.0162451627659548
"7","BHS",1.41307986995528,0.16090777123782,0.0953411138235141,0.0107113545728491
"8","BLZ",2.40020470492422,0.240732040627177,-0.1769275734387,0.0172419238604981
"9","BRA",0.325662990274117,0.0334160524423369,-0.024037341392968,0.00166396982434603
"10","BRB",6.32015981429413,0.756119556510662,0.426695476952537,0.0712768406933869
"11","BRN",1.15890705258177,0.146131336535922,0.160842895392316,0.0216336651609168
"12","CAN",0.525840982712606,0.0648918144769312,0.0624989791725853,0.00720471402469412
"13","CHL",1.3525598659518,0.146915284452427,-0.00157701379804019,0.00521202925088103
"14","CHN",2.39394858700424,0.268316587621498,-0.188583340757154,0.0245371184103324
"15","CMR",40.1798330024667,3.74600572845014,-9.91287489706906,0.637058907662025
"16","COG",9.27664145868174,0.832629560565003,-2.26524722550699,0.118884923677538
"17","COL",0.623545992513583,0.0620341225888683,-0.0635635371062956,0.00279725076111494
"18","CPV",4.29341286190905,0.437366889432289,-0.520058774746889,0.0448068638765425
"19","CRI",0.627019033771237,0.0683733986840942,0.00853216344200407,0.00564137494032337
"20","CUB",0.786511254806361,0.0862698932180086,0.00269757164953579,0.00300947390768584
"21","CYP",0.93341984097658,0.108110103784063,0.0365348315821192,0.00647163161916676
"22","DEU",0.346125620338945,0.0425992615327632,0.0347677892537322,0.0047339898966943
"23","DJI",3.96560857968804,0.387605470540193,-0.741948083017202,0.0628533139481999
"24","DNK",1.2701567341177,0.157788212407204,0.140171000936088,0.0173524181514661
"25","DOM",1.28634001188042,0.139325494094596,-0.0071985843521182,0.00597754916912178
"26","DZA",1.70740266953979,0.1653460308091,-0.259048468392314,0.0119554400340996
"27","ECU",1.02916630766714,0.10173028076736,-0.108213063041981,0.00711278471041502
"28","EGY",3.1901151784816,0.314230400832595,-0.495888826432577,0.0173161519616431
"29","ESP",1.15179209764894,0.13337290015698,0.0573803230005523,0.0117171886918671
"30","EST",1.26163303245838,0.145562159295167,0.0484975799316649,0.0128864970932587
"31","FIN",1.21938262175464,0.153446141187244,0.120392087797684,0.0158468123788915
"32","FJI",18.3306110562078,1.69115362523218,-3.66739431049262,0.162216361878355
"33","FRA",0.476247169075658,0.0561972059557935,0.0293369603948301,0.00574330158967336
"34","GAB",5.30541966427621,0.544783139549861,-0.355643222237945,0.068413468475503
"35","GBR",0.341726301348383,0.0399725219402544,0.0199431297555777,0.00395700617030558
"36","GEO",3.18045018270756,0.342388752579732,-0.390864657778784,0.0428049097165306
"37","GHA",70.0213069757576,6.53644698630094,-19.4441685314079,1.11552984595418
"38","GIN",58.4439420492981,5.70519252341871,-15.888971744786,1.36083252037962
"39","GMB",33.1621877713533,3.01756015587514,-7.19249572653923,0.477067603723923
"40","GNB",4.06372836672402,0.370796243590116,-1.13159344256997,0.0739381333513937
"41","GRC",0.72972446636497,0.0862284774455616,0.0220005472636094,0.0078359119793873
"42","GRD",5.56018218572132,0.602876068974644,-0.0425572681723964,0.0389748771029116
"43","GTM",0.274215461508227,0.0275493544081069,-0.0326449626853669,0.00271456163053417
"44","GUY",17.1319598752704,1.6076398845863,-3.02433968866473,0.135480115038515
"45","HND",0.863323903653114,0.0857547863461429,-0.132175069546186,0.0113344442077665
"46","HRV",3.90472004572166,0.461215116696369,0.162512534087205,0.0275304218762529
"47","HTI",21.5464631906617,1.9285395124544,-6.46572201045735,0.335364309704337
"48","IDN",14.6259530542647,1.40367904705498,-3.49421369311569,0.172881491057931
"49","IND",1.14265321062123,0.104310420828541,-0.24030286735248,0.015457373167891
"50","IRL",0.304709088626113,0.0371843001952608,0.0316400304110303,0.00387784531505148
"51","IRN",1.15503949188842,0.126043549631688,-0.00797051879328889,0.00724287237915748
"52","ISL",1.4387014629298,0.176116934913728,0.143853161903463,0.0136792973490788
"53","ISR",0.220504660701027,0.0280521860224813,0.0350655716133799,0.00300748577127865
"54","ITA",0.979715742062283,0.113882165509556,0.0340452874142103,0.0125114160995092
"55","JAM",4.25929149349735,0.442185579481674,-0.318351293803986,0.021077446259195
"56","JOR",1.54388481360692,0.145644216879656,-0.216768727545781,0.00719528525250827
"57","JPN",4.61283800239625,0.574533217137264,0.458372515317,0.0635608708743581
"58","KEN",6.04552599260933e-09,5.63013079589255e-10,-1.93561634885577e-09,9.75929957589851e-11
"59","KHM",10.9135801023117,1.00067199116379,-3.18115272494889,0.172177292944891
"60","KOR",3.32363247015906,0.404135868660843,0.341157009470814,0.0445199217821422
"61","KWT",0.334342802813017,0.0443319948140376,0.0604549595548929,0.00521051634649112
"62","LBN",1.87050957993405,0.205718710638375,0.0368844191423672,0.0101264923764845
"63","LBR",14.9063575411632,1.31762942787935,-5.84450665705172,0.312891647076071
"64","LCA",4.41909628860014,0.489350689804404,-0.0509174443780978,0.0243654926752592
"65","LKA",36.8090565320172,3.79834484434356,-5.7207117705871,0.478767403350595
"66","LTU",8.06810029239568,1.01348412436245,0.660221174810545,0.0678118234024146
"67","LVA",5.79979603149831,0.700637494068886,0.221346956403219,0.0371029391617271
"68","MAR",20.6083054263695,2.12030767301536,-3.61223027057923,0.282760703977987
"69","MDG",19.2624708878588,1.71471578734261,-5.20464590308425,0.270762629692123
"70","MDV",28.028076179441,2.84547856452841,-3.76735008511257,0.256080029014119
"71","MEX",1.20615016588261,0.124301981027245,-0.0604182045873491,0.00435168895830335
"72","MLT",1.40899307246287,0.161759271788567,0.0397793363332377,0.0126667780391428
"73","MOZ",50.8560700450423,4.82080239267851,-15.2325760116102,0.817533082035093
"74","MRT",3.83273226623819,0.336147755321737,-1.01121572426229,0.0498380110551491
"75","MUS",6.11472674102518,0.635638754540445,-0.486645334927157,0.074399256691063
"76","MYS",8.26432496574676,0.911546458204442,-0.0909505056940289,0.0376691558485756
"77","NAM",5.55240712599079,0.521751947950546,-1.0555343136022,0.0429701936122568
"78","NGA",14.2665208636258,1.28599826765352,-3.48300106910925,0.163980229089478
"79","NIC",3.62652083355357,0.335439193411882,-0.841721220798655,0.0498982409050429
"80","NLD",0.37434329154316,0.0482232584566763,0.0534499460753776,0.00510721932704692
"81","NOR",0.36281488382674,0.0490343700915353,0.0724338805032728,0.00592248586427211
"82","NZL",0.710444196041691,0.0862014464579079,0.0575504863172893,0.00814499894496081
"83","OMN",0.494869635340568,0.060053122902793,0.061788465945276,0.00544034261726044
"84","PAK",0.30839461948617,0.0273606713580412,-0.0724515676289418,0.00477906302311094
"85","PAN",1.64874938238576,0.180831956132292,0.0196654653643609,0.00718019393851204
"86","PER",4.14852205722788,0.46597987634035,-0.136809996340673,0.0112373246134481
"87","PHL",21.9963853107512,2.02992698127732,-4.23761892384093,0.200824637125264
"88","POL",1.7928756517106,0.209517259888968,0.0747404964925735,0.0174959384236265
"89","PRT",1.77194619991083,0.191233018128425,-0.123349428584537,0.0188918947405957
"90","ROU",0.88242202387767,0.0998036109267498,-0.024210367580392,0.00365826291099553
"91","RUS",2.44199739318735,0.296321664835478,0.113251782162285,0.0178375171387389
"92","SAU",0.482815849683878,0.0615638679616066,0.0692310659136595,0.00617575084414545
"93","SDN",0.0337423391175055,0.00309357579036785,-0.00690013509889772,0.000469663530325323
"94","SEN",43.2290186035992,4.15638069826465,-8.88096094362346,0.806104036925313
"95","SLB",55.6877780204749,5.28133610025025,-14.0348744689791,0.69290638124925
"96","SLE",127.69002106913,11.5440126495067,-34.1426111228837,2.17413165122062
"97","SLV",2.24500892595035,0.218967301200462,-0.309554295940929,0.0196107073205061
"98","SUR",3.82950249487027,0.403487384331197,-0.115914809188764,0.00805221821286639
"99","SVN",0.820918103036775,0.0995137535213254,0.063880357141121,0.0110304385119285
"100","SWE",0.522555992139778,0.0659187313660001,0.0574012597264732,0.00720430784542741
"101","TGO",88.9279268584536,8.49571423504515,-21.9892109072341,1.80118999315509
"102","THA",7.48844421961449,0.752575362180683,-0.882854825722266,0.048813401557112
"103","TLS",6.08955533322042,0.565652900146582,-2.2710855518405,0.137987373865958
"104","TTO",3.66671196791184,0.490901166646824,0.770253617741042,0.0612656503709907
"105","TUN",5.89372097423581,0.572955214954736,-0.935499351435491,0.0390318244914371
"106","TUR",1.14571494911824,0.121583872900583,-0.0593400437506323,0.00803862307758704
"107","TZA",1.0016860887768,0.0960412314368736,-0.199701386395823,0.0164778102425255
"108","UKR",1.13535367810416,0.127337816209342,-0.119572482756868,0.0109080522789588
"109","URY",0.346259659229658,0.0377408018738089,-0.00251694017225684,0.00107740501250801
"110","USA",0.403393927489515,0.0507181704080697,0.0556005279379913,0.00586858990707493
"111","VCT",4.21162618247312,0.440772297506252,-0.239527870257327,0.0220900216385239
"112","VEN",1.10622399266422,0.114778753345654,-0.0417213562911269,0.0043300240913454
"113","VNM",8.70715201493411,0.872812734852673,-2.08134106201392,0.110014907655528
"114","VUT",15.7822520322806,1.55443279607454,-2.15394349496603,0.0965991749715796
"115","WSM",12.4110065899687,1.23268035563411,-1.87482346570676,0.0756491081136992
"116","YEM",1.16307424420086,0.107729509763312,-0.365820809907934,0.0274448765646653
"117","ZAF",1.48274463751286,0.141535546307993,-0.235131575282182,0.00739707695861781
